AŃO;MES;PAIS_ORIGEN;CCAA;PROVINCIA;INIDICE_PERCEPCION_TURISTICA_GLOBAL;INDICE_SATISFACCION_PRODUCTOS_TURISTICOS;INDICE_PERCEPCION_SEGURIDAD;INDICE_PERCEPCION_CLIMATICA
2019;1;Alemania;Andalucía;Sevilla;86,94;77,11;95,74;87,37
2019;1;Dinamarca;Andalucía;Sevilla;86,95;75,19;100,0;100,0
2019;1;Espańa;Andalucía;Sevilla;82,88;69,68;89,32;94,63
2019;1;Estados Unidos de América;Andalucía;Sevilla;88,43;73,13;100,0;100,0
2019;1;Francia;Andalucía;Sevilla;63,37;76,83;90,43;78,69
2019;1;Italia;Andalucía;Sevilla;86,67;73,9;96,35;90,96
2019;1;Noruega;Andalucía;Sevilla;100,0;73,13;100,0;100,0
2019;1;Portugal;Andalucía;Sevilla;68,83;72,94;100,0;62,8
2019;1;Reino Unido;Andalucía;Sevilla;87,37;74,62;94,78;87,64
2019;1;Suecia;Andalucía;Sevilla;79,99;68,12;100,0;100,0
2019;1;Total;Andalucía;Sevilla;82,64;71,45;94,2;90,57
2019;2;Alemania;Andalucía;Sevilla;76,49;79,11;97,01;68,86
2019;2;Dinamarca;Andalucía;Sevilla;92,93;75,0;100,0;100,0
2019;2;Espańa;Andalucía;Sevilla;79,55;69,38;89,68;95,58
2019;2;Estados Unidos de América;Andalucía;Sevilla;83,37;71,55;100,0;100,0
2019;2;Francia;Andalucía;Sevilla;78,53;77,59;90,71;96,54
2019;2;Italia;Andalucía;Sevilla;98,44;80,34;97,05;82,43
2019;2;Noruega;Andalucía;Sevilla;82,78;76,14;100,0;100,0
2019;2;Portugal;Andalucía;Sevilla;72,63;76,6;100,0;100,0
2019;2;Reino Unido;Andalucía;Sevilla;93,99;72,96;96,34;94,54
2019;2;Suecia;Andalucía;Sevilla;88,76;71,05;100,0;100,0
2019;2;Total;Andalucía;Sevilla;84,15;71,36;94,1;91,31
2019;3;Alemania;Andalucía;Sevilla;81,77;76,55;90,61;90,67
2019;3;Dinamarca;Andalucía;Sevilla;80,73;74,39;100,0;100,0
2019;3;Espańa;Andalucía;Sevilla;79,81;70,67;92,29;93,83
2019;3;Estados Unidos de América;Andalucía;Sevilla;91,8;76,32;100,0;100,0
2019;3;Francia;Andalucía;Sevilla;69,82;77,54;95,55;80,12
2019;3;Italia;Andalucía;Sevilla;96,18;79,2;97,19;91,64
2019;3;Noruega;Andalucía;Sevilla;100,0;83,51;100,0;100,0
2019;3;Portugal;Andalucía;Sevilla;77,05;73,03;100,0;100,0
2019;3;Reino Unido;Andalucía;Sevilla;92,77;71,21;94,13;86,25
2019;3;Suecia;Andalucía;Sevilla;76,23;84,33;100,0;100,0
2019;3;Total;Andalucía;Sevilla;83,88;72,14;94,79;91,01
2019;4;Alemania;Andalucía;Sevilla;74,51;79,87;91,73;81,53
2019;4;Dinamarca;Andalucía;Sevilla;76,29;74,23;100,0;100,0
2019;4;Espańa;Andalucía;Sevilla;70,61;70,84;90,8;77,48
2019;4;Estados Unidos de América;Andalucía;Sevilla;92,1;73,13;100,0;100,0
2019;4;Francia;Andalucía;Sevilla;62,51;78,38;100,0;75,4
2019;4;Italia;Andalucía;Sevilla;79,54;73,21;96,19;79,17
2019;4;Noruega;Andalucía;Sevilla;89,22;70,67;100,0;100,0
2019;4;Portugal;Andalucía;Sevilla;67,64;79,41;93,23;89,92
2019;4;Reino Unido;Andalucía;Sevilla;84,27;71,53;97,84;79,11
2019;4;Suecia;Andalucía;Sevilla;72,22;65,8;100,0;100,0
2019;4;Total;Andalucía;Sevilla;74,25;71,08;94,28;77,18
2019;5;Alemania;Andalucía;Sevilla;76,74;80,1;100,0;86,89
2019;5;Dinamarca;Andalucía;Sevilla;80,71;65,85;100,0;100,0
2019;5;Espańa;Andalucía;Sevilla;68,86;69,09;86,51;95,88
2019;5;Estados Unidos de América;Andalucía;Sevilla;77,22;65,8;100,0;100,0
2019;5;Francia;Andalucía;Sevilla;57,13;78,02;95,5;94,97
2019;5;Italia;Andalucía;Sevilla;76,74;76,49;94,83;88,44
2019;5;Noruega;Andalucía;Sevilla;88,12;87,53;100,0;100,0
2019;5;Portugal;Andalucía;Sevilla;67,0;75,54;94,01;82,14
2019;5;Reino Unido;Andalucía;Sevilla;85,51;77,64;93,77;92,26
2019;5;Suecia;Andalucía;Sevilla;74,09;65,85;100,0;100,0
2019;5;Total;Andalucía;Sevilla;74,8;72,92;93,99;92,99
2019;6;Alemania;Andalucía;Sevilla;79,05;78,33;100,0;86,11
2019;6;Dinamarca;Andalucía;Sevilla;97,74;78,91;100,0;100,0
2019;6;Espańa;Andalucía;Sevilla;74,41;71,58;77,69;95,47
2019;6;Estados Unidos de América;Andalucía;Sevilla;90,21;89,41;100,0;100,0
2019;6;Francia;Andalucía;Sevilla;72,8;78,24;95,78;83,22
2019;6;Italia;Andalucía;Sevilla;92,92;76,47;98,27;94,83
2019;6;Noruega;Andalucía;Sevilla;73,66;78,47;100,0;100,0
2019;6;Portugal;Andalucía;Sevilla;79,89;80,41;100,0;100,0
2019;6;Reino Unido;Andalucía;Sevilla;90,54;80,26;76,39;87,21
2019;6;Suecia;Andalucía;Sevilla;75,25;73,62;100,0;100,0
2019;6;Total;Andalucía;Sevilla;82,28;71,73;91,74;92,99
2019;7;Alemania;Andalucía;Sevilla;92,83;75,19;93,96;91,01
2019;7;Dinamarca;Andalucía;Sevilla;90,28;65,8;100,0;100,0
2019;7;Espańa;Andalucía;Sevilla;88,5;71,35;89,31;92,77
2019;7;Estados Unidos de América;Andalucía;Sevilla;;;100,0;100,0
2019;7;Francia;Andalucía;Sevilla;86,66;77,73;94,72;100,0
2019;7;Italia;Andalucía;Sevilla;97,62;73,14;100,0;100,0
2019;7;Noruega;Andalucía;Sevilla;93,07;73,13;100,0;100,0
2019;7;Portugal;Andalucía;Sevilla;83,76;70,9;100,0;100,0
2019;7;Reino Unido;Andalucía;Sevilla;95,15;69,17;91,44;92,06
2019;7;Suecia;Andalucía;Sevilla;94,33;73,95;100,0;100,0
2019;7;Total;Andalucía;Sevilla;91,61;71,26;94,97;93,46
2019;8;Alemania;Andalucía;Sevilla;89,54;74,52;100,0;89,84
2019;8;Dinamarca;Andalucía;Sevilla;82,32;66,37;100,0;100,0
2019;8;Espańa;Andalucía;Sevilla;87,3;69,4;89,67;90,28
2019;8;Estados Unidos de América;Andalucía;Sevilla;86,75;65,8;100,0;100,0
2019;8;Francia;Andalucía;Sevilla;84,62;79,47;89,55;95,56
2019;8;Italia;Andalucía;Sevilla;99,18;72,5;98,5;97,78
2019;8;Noruega;Andalucía;Sevilla;86,79;71,87;100,0;100,0
2019;8;Portugal;Andalucía;Sevilla;83,66;73,45;100,0;91,07
2019;8;Reino Unido;Andalucía;Sevilla;97,59;74,35;93,49;87,89
2019;8;Suecia;Andalucía;Sevilla;99,59;71,23;100,0;100,0
2019;8;Total;Andalucía;Sevilla;90,18;70,86;94,06;93,07
2019;9;Alemania;Andalucía;Sevilla;80,75;79,68;100,0;100,0
2019;9;Dinamarca;Andalucía;Sevilla;84,09;65,8;100,0;100,0
2019;9;Espańa;Andalucía;Sevilla;74,0;62,41;89,38;85,49
2019;9;Estados Unidos de América;Andalucía;Sevilla;86,82;66,81;100,0;100,0
2019;9;Francia;Andalucía;Sevilla;75,34;76,34;92,35;97,15
2019;9;Italia;Andalucía;Sevilla;90,24;79,26;89,02;77,09
2019;9;Noruega;Andalucía;Sevilla;100,0;72,28;100,0;100,0
2019;9;Portugal;Andalucía;Sevilla;90,28;74,58;100,0;100,0
2019;9;Reino Unido;Andalucía;Sevilla;92,19;74,86;95,09;92,72
2019;9;Suecia;Andalucía;Sevilla;87,41;90,29;100,0;100,0
2019;9;Total;Andalucía;Sevilla;82,77;67,8;94,42;87,64
2019;10;Alemania;Andalucía;Sevilla;68,84;67,6;89,64;84,57
2019;10;Dinamarca;Andalucía;Sevilla;74,31;32,9;100,0;100,0
2019;10;Espańa;Andalucía;Sevilla;72,93;66,19;91,49;95,28
2019;10;Estados Unidos de América;Andalucía;Sevilla;88,05;74,33;100,0;100,0
2019;10;Francia;Andalucía;Sevilla;63,6;72,62;100,0;94,36
2019;10;Italia;Andalucía;Sevilla;79,83;68,01;97,96;87,83
2019;10;Noruega;Andalucía;Sevilla;79,5;36,95;100,0;100,0
2019;10;Portugal;Andalucía;Sevilla;62,36;76,53;100,0;100,0
2019;10;Reino Unido;Andalucía;Sevilla;92,54;76,27;98,53;86,89
2019;10;Suecia;Andalucía;Sevilla;97,15;91,17;100,0;100,0
2019;10;Total;Andalucía;Sevilla;77,79;67,21;94,02;90,83
2019;11;Alemania;Andalucía;Sevilla;71,07;68,62;100,0;100,0
2019;11;Dinamarca;Andalucía;Sevilla;89,84;65,8;100,0;100,0
2019;11;Espańa;Andalucía;Sevilla;74,97;65,48;93,12;85,72
2019;11;Estados Unidos de América;Andalucía;Sevilla;91,16;77,8;100,0;100,0
2019;11;Francia;Andalucía;Sevilla;69,93;70,47;100,0;80,77
2019;11;Italia;Andalucía;Sevilla;89,95;77,85;100,0;74,09
2019;11;Noruega;Andalucía;Sevilla;84,36;68,01;100,0;100,0
2019;11;Portugal;Andalucía;Sevilla;45,95;70,29;100,0;
2019;11;Reino Unido;Andalucía;Sevilla;85,6;61,9;97,82;87,01
2019;11;Suecia;Andalucía;Sevilla;69,61;65,8;100,0;100,0
2019;11;Total;Andalucía;Sevilla;78,92;70,35;93,75;81,45
2019;12;Alemania;Andalucía;Sevilla;58,41;70,91;100,0;100,0
2019;12;Dinamarca;Andalucía;Sevilla;74,24;65,8;100,0;100,0
2019;12;Espańa;Andalucía;Sevilla;77,72;52,2;93,16;90,12
2019;12;Estados Unidos de América;Andalucía;Sevilla;89,12;65,8;100,0;100,0
2019;12;Francia;Andalucía;Sevilla;72,48;75,28;75,79;100,0
2019;12;Italia;Andalucía;Sevilla;89,74;74,79;83,86;100,0
2019;12;Noruega;Andalucía;Sevilla;52,3;65,8;100,0;100,0
2019;12;Portugal;Andalucía;Sevilla;61,28;71,7;100,0;100,0
2019;12;Reino Unido;Andalucía;Sevilla;84,97;62,56;92,54;100,0
2019;12;Suecia;Andalucía;Sevilla;;;100,0;100,0
2019;12;Total;Andalucía;Sevilla;83,78;73,54;94,21;85,67
2020;1;Alemania;Andalucía;Sevilla;72,77;63,69;100,0;77,27
2020;1;Dinamarca;Andalucía;Sevilla;84,39;65,8;100,0;100,0
2020;1;Espańa;Andalucía;Sevilla;81,8;70,51;90,79;86,96
2020;1;Estados Unidos de América;Andalucía;Sevilla;83,43;65,8;100,0;100,0
2020;1;Francia;Andalucía;Sevilla;66,92;67,47;82,27;82,76
2020;1;Italia;Andalucía;Sevilla;89,72;73,12;100,0;100,0
2020;1;Noruega;Andalucía;Sevilla;;;100,0;100,0
2020;1;Portugal;Andalucía;Sevilla;79,71;73,77;100,0;100,0
2020;1;Reino Unido;Andalucía;Sevilla;87,27;75,33;95,63;100,0
2020;1;Suecia;Andalucía;Sevilla;87,8;67,0;100,0;100,0
2020;1;Total;Andalucía;Sevilla;81,83;71,76;94,25;80,6
2020;2;Alemania;Andalucía;Sevilla;79,13;75,65;100,0;100,0
2020;2;Dinamarca;Andalucía;Sevilla;91,98;73,13;100,0;100,0
2020;2;Espańa;Andalucía;Sevilla;80,34;64,41;88,94;95,18
2020;2;Estados Unidos de América;Andalucía;Sevilla;99,03;89,41;100,0;100,0
2020;2;Francia;Andalucía;Sevilla;68,31;69,62;69,59;100,0
2020;2;Italia;Andalucía;Sevilla;91,85;69,45;88,96;100,0
2020;2;Noruega;Andalucía;Sevilla;;;100,0;100,0
2020;2;Portugal;Andalucía;Sevilla;67,51;77,6;100,0;100,0
2020;2;Reino Unido;Andalucía;Sevilla;93,23;76,49;98,27;92,33
2020;2;Suecia;Andalucía;Sevilla;79,28;75,74;100,0;100,0
2020;2;Total;Andalucía;Sevilla;83,69;71,63;92,36;91,17
2020;3;Alemania;Andalucía;Sevilla;91,69;75,49;100,0;100,0
2020;3;Dinamarca;Andalucía;Sevilla;95,54;65,8;100,0;100,0
2020;3;Espańa;Andalucía;Sevilla;85,69;70,92;92,71;96,05
2020;3;Estados Unidos de América;Andalucía;Sevilla;;;100,0;100,0
2020;3;Francia;Andalucía;Sevilla;59,65;60,89;40,9;64,79
2020;3;Italia;Andalucía;Sevilla;86,51;73,74;87,66;100,0
2020;3;Noruega;Andalucía;Sevilla;;;100,0;100,0
2020;3;Portugal;Andalucía;Sevilla;81,22;74,39;100,0;100,0
2020;3;Reino Unido;Andalucía;Sevilla;95,28;75,43;100,0;89,13
2020;3;Suecia;Andalucía;Sevilla;80,66;66,81;100,0;100,0
2020;3;Total;Andalucía;Sevilla;85,58;69,13;92,55;88,94
2020;4;Alemania;Andalucía;Sevilla;23,86;74,6;100,0;100,0
2020;4;Dinamarca;Andalucía;Sevilla;;;100,0;100,0
2020;4;Espańa;Andalucía;Sevilla;94,08;70,77;90,93;94,14
2020;4;Estados Unidos de América;Andalucía;Sevilla;;;100,0;100,0
2020;4;Francia;Andalucía;Sevilla;64,75;73,2;88,01;91,13
2020;4;Italia;Andalucía;Sevilla;50,93;71,37;59,39;80,16
2020;4;Noruega;Andalucía;Sevilla;;;100,0;100,0
2020;4;Portugal;Andalucía;Sevilla;;;100,0;100,0
2020;4;Reino Unido;Andalucía;Sevilla;90,47;72,84;97,19;100,0
2020;4;Suecia;Andalucía;Sevilla;85,74;65,8;100,0;100,0
2020;4;Total;Andalucía;Sevilla;78,4;68,87;91,89;88,14
2020;5;Alemania;Andalucía;Sevilla;88,19;73,95;100,0;100,0
2020;5;Dinamarca;Andalucía;Sevilla;;;100,0;100,0
2020;5;Espańa;Andalucía;Sevilla;82,15;69,14;91,12;94,33
2020;5;Estados Unidos de América;Andalucía;Sevilla;85,74;65,8;100,0;100,0
2020;5;Francia;Andalucía;Sevilla;81,91;73,3;88,34;100,0
2020;5;Italia;Andalucía;Sevilla;88,61;75,37;100,0;100,0
2020;5;Noruega;Andalucía;Sevilla;;;100,0;100,0
2020;5;Portugal;Andalucía;Sevilla;83,66;65,8;100,0;100,0
2020;5;Reino Unido;Andalucía;Sevilla;100,0;79,15;100,0;100,0
2020;5;Suecia;Andalucía;Sevilla;79,74;65,8;100,0;100,0
2020;5;Total;Andalucía;Sevilla;81,81;70,46;92,75;90,72
2020;6;Alemania;Andalucía;Sevilla;88,64;75,47;100,0;100,0
2020;6;Dinamarca;Andalucía;Sevilla;85,74;65,8;100,0;100,0
2020;6;Espańa;Andalucía;Sevilla;82,04;67,07;89,02;94,55
2020;6;Estados Unidos de América;Andalucía;Sevilla;;;100,0;100,0
2020;6;Francia;Andalucía;Sevilla;46,26;63,06;92,57;88,94
2020;6;Italia;Andalucía;Sevilla;75,31;31,03;100,0;100,0
2020;6;Noruega;Andalucía;Sevilla;;;100,0;100,0
2020;6;Portugal;Andalucía;Sevilla;92,82;89,41;100,0;100,0
2020;6;Reino Unido;Andalucía;Sevilla;85,42;75,0;90,5;90,57
2020;6;Suecia;Andalucía;Sevilla;86,87;69,56;100,0;100,0
2020;6;Total;Andalucía;Sevilla;81,82;69,99;92,92;91,57
2020;7;Alemania;Andalucía;Sevilla;96,17;72,22;100,0;75,49
2020;7;Dinamarca;Andalucía;Sevilla;;;100,0;100,0
2020;7;Espańa;Andalucía;Sevilla;83,44;67,27;88,76;87,61
2020;7;Estados Unidos de América;Andalucía;Sevilla;;;100,0;100,0
2020;7;Francia;Andalucía;Sevilla;74,77;74,6;84,88;100,0
2020;7;Italia;Andalucía;Sevilla;86,57;67,93;83,86;100,0
2020;7;Noruega;Andalucía;Sevilla;;;100,0;100,0
2020;7;Portugal;Andalucía;Sevilla;63,89;65,8;100,0;100,0
2020;7;Reino Unido;Andalucía;Sevilla;84,52;65,28;88,38;100,0
2020;7;Suecia;Andalucía;Sevilla;80,43;65,24;100,0;100,0
2020;7;Total;Andalucía;Sevilla;84,77;70,85;93,44;89,35
2020;8;Alemania;Andalucía;Sevilla;92,89;65,85;100,0;100,0
2020;8;Dinamarca;Andalucía;Sevilla;;;100,0;100,0
2020;8;Espańa;Andalucía;Sevilla;84,72;65,92;89,5;87,38
2020;8;Estados Unidos de América;Andalucía;Sevilla;79,2;65,8;100,0;100,0
2020;8;Francia;Andalucía;Sevilla;83,39;67,68;91,85;100,0
2020;8;Italia;Andalucía;Sevilla;96,85;77,77;100,0;100,0
2020;8;Noruega;Andalucía;Sevilla;;;100,0;100,0
2020;8;Portugal;Andalucía;Sevilla;74,19;65,8;100,0;100,0
2020;8;Reino Unido;Andalucía;Sevilla;69,2;48,72;90,2;100,0
2020;8;Suecia;Andalucía;Sevilla;65,89;65,85;100,0;100,0
2020;8;Total;Andalucía;Sevilla;84,75;65,99;92,65;90,36
2020;9;Alemania;Andalucía;Sevilla;100,0;74,11;100,0;100,0
2020;9;Dinamarca;Andalucía;Sevilla;;;100,0;100,0
2020;9;Espańa;Andalucía;Sevilla;81,21;59,26;89,09;91,17
2020;9;Estados Unidos de América;Andalucía;Sevilla;100,0;65,8;100,0;100,0
2020;9;Francia;Andalucía;Sevilla;56,4;5,35;100,0;77,88
2020;9;Italia;Andalucía;Sevilla;91,52;72,64;100,0;100,0
2020;9;Noruega;Andalucía;Sevilla;;;100,0;100,0
2020;9;Portugal;Andalucía;Sevilla;73,96;65,85;100,0;100,0
2020;9;Reino Unido;Andalucía;Sevilla;86,67;60,7;96,72;100,0
2020;9;Suecia;Andalucía;Sevilla;79,74;65,8;100,0;100,0
2020;9;Total;Andalucía;Sevilla;85,41;64,94;90,59;90,66
2020;10;Alemania;Andalucía;Sevilla;81,89;65,8;100,0;100,0
2020;10;Dinamarca;Andalucía;Sevilla;;;100,0;100,0
2020;10;Espańa;Andalucía;Sevilla;76,77;48,54;86,21;93,05
2020;10;Estados Unidos de América;Andalucía;Sevilla;97,59;65,8;100,0;100,0
2020;10;Francia;Andalucía;Sevilla;69,97;24,33;100,0;100,0
2020;10;Italia;Andalucía;Sevilla;92,54;71,76;100,0;100,0
2020;10;Noruega;Andalucía;Sevilla;;;100,0;100,0
2020;10;Portugal;Andalucía;Sevilla;80,12;65,8;100,0;100,0
2020;10;Reino Unido;Andalucía;Sevilla;63,84;60,1;90,01;100,0
2020;10;Suecia;Andalucía;Sevilla;96,86;66,81;100,0;100,0
2020;10;Total;Andalucía;Sevilla;82,82;62,75;90,16;90,72
2020;11;Alemania;Andalucía;Sevilla;97,85;76,75;100,0;100,0
2020;11;Dinamarca;Andalucía;Sevilla;85,74;65,8;100,0;100,0
2020;11;Espańa;Andalucía;Sevilla;77,0;55,27;84,06;87,93
2020;11;Estados Unidos de América;Andalucía;Sevilla;76,07;65,8;100,0;100,0
2020;11;Francia;Andalucía;Sevilla;73,99;72,96;67,47;90,31
2020;11;Italia;Andalucía;Sevilla;77,78;71,69;100,0;100,0
2020;11;Noruega;Andalucía;Sevilla;79,74;65,8;100,0;100,0
2020;11;Portugal;Andalucía;Sevilla;94,62;65,8;100,0;100,0
2020;11;Reino Unido;Andalucía;Sevilla;18,57;37,49;91,3;87,05
2020;11;Suecia;Andalucía;Sevilla;70,74;65,8;100,0;100,0
2020;11;Total;Andalucía;Sevilla;79,95;61,39;90,41;82,2
2020;12;Alemania;Andalucía;Sevilla;92,25;71,11;100,0;100,0
2020;12;Dinamarca;Andalucía;Sevilla;85,74;65,8;100,0;100,0
2020;12;Espańa;Andalucía;Sevilla;73,17;44,86;90,38;90,99
2020;12;Estados Unidos de América;Andalucía;Sevilla;;;100,0;100,0
2020;12;Francia;Andalucía;Sevilla;42,12;75,24;93,23;89,92
2020;12;Italia;Andalucía;Sevilla;83,98;46,98;100,0;100,0
2020;12;Noruega;Andalucía;Sevilla;79,74;65,8;100,0;100,0
2020;12;Portugal;Andalucía;Sevilla;87,9;65,8;100,0;100,0
2020;12;Reino Unido;Andalucía;Sevilla;74,86;67,73;93,23;100,0
2020;12;Suecia;Andalucía;Sevilla;59,7;28,99;100,0;100,0
2020;12;Total;Andalucía;Sevilla;73,51;47,74;91,2;92,33
2021;1;Alemania;Andalucía;Sevilla;100,0;75,83;100,0;100,0
2021;1;Dinamarca;Andalucía;Sevilla;79,74;65,8;100,0;100,0
2021;1;Espańa;Andalucía;Sevilla;81,23;65,67;90,48;92,75
2021;1;Estados Unidos de América;Andalucía;Sevilla;;;100,0;100,0
2021;1;Francia;Andalucía;Sevilla;56,63;53,29;100,0;43,61
2021;1;Italia;Andalucía;Sevilla;80,38;66,95;100,0;100,0
2021;1;Noruega;Andalucía;Sevilla;;;100,0;100,0
2021;1;Portugal;Andalucía;Sevilla;99,72;66,81;100,0;100,0
2021;1;Reino Unido;Andalucía;Sevilla;67,42;76,51;97,55;89,04
2021;1;Suecia;Andalucía;Sevilla;81,7;67,32;100,0;100,0
2021;1;Total;Andalucía;Sevilla;80,59;64,2;92,21;89,31
2021;2;Alemania;Andalucía;Sevilla;67,1;77,6;100,0;100,0
2021;2;Dinamarca;Andalucía;Sevilla;;;100,0;100,0
2021;2;Espańa;Andalucía;Sevilla;82,35;57,5;91,26;97,24
2021;2;Estados Unidos de América;Andalucía;Sevilla;;;100,0;100,0
2021;2;Francia;Andalucía;Sevilla;67,65;70,14;100,0;100,0
2021;2;Italia;Andalucía;Sevilla;37,83;65,8;100,0;100,0
2021;2;Noruega;Andalucía;Sevilla;;;100,0;100,0
2021;2;Portugal;Andalucía;Sevilla;100,0;65,8;100,0;100,0
2021;2;Reino Unido;Andalucía;Sevilla;75,33;77,59;93,87;100,0
2021;2;Suecia;Andalucía;Sevilla;86,04;66,81;100,0;100,0
2021;2;Total;Andalucía;Sevilla;80,91;56,64;91,93;97,97
2021;3;Alemania;Andalucía;Sevilla;;;100,0;100,0
2021;3;Dinamarca;Andalucía;Sevilla;;;100,0;100,0
2021;3;Espańa;Andalucía;Sevilla;81,34;64,6;96,3;100,0
2021;3;Estados Unidos de América;Andalucía;Sevilla;;;100,0;100,0
2021;3;Francia;Andalucía;Sevilla;74,51;59,17;100,0;100,0
2021;3;Italia;Andalucía;Sevilla;;;100,0;100,0
2021;3;Noruega;Andalucía;Sevilla;;;100,0;100,0
2021;3;Portugal;Andalucía;Sevilla;;;100,0;100,0
2021;3;Reino Unido;Andalucía;Sevilla;23,07;78,67;100,0;100,0
2021;3;Suecia;Andalucía;Sevilla;;;100,0;100,0
2021;3;Total;Andalucía;Sevilla;81,16;56,32;93,43;96,19
2021;4;Alemania;Andalucía;Sevilla;85,64;65,8;100,0;100,0
2021;4;Dinamarca;Andalucía;Sevilla;;;100,0;100,0
2021;4;Espańa;Andalucía;Sevilla;80,26;65,1;87,38;96,24
2021;4;Estados Unidos de América;Andalucía;Sevilla;;;100,0;100,0
2021;4;Francia;Andalucía;Sevilla;76,61;65,8;100,0;100,0
2021;4;Italia;Andalucía;Sevilla;100,0;89,41;100,0;100,0
2021;4;Noruega;Andalucía;Sevilla;;;100,0;100,0
2021;4;Portugal;Andalucía;Sevilla;;;100,0;100,0
2021;4;Reino Unido;Andalucía;Sevilla;93,06;65,85;100,0;100,0
2021;4;Suecia;Andalucía;Sevilla;;;100,0;100,0
2021;4;Total;Andalucía;Sevilla;81,03;57,0;91,66;96,05
2021;5;Alemania;Andalucía;Sevilla;;;100,0;100,0
2021;5;Dinamarca;Andalucía;Sevilla;;;100,0;100,0
2021;5;Espańa;Andalucía;Sevilla;79,7;70,29;91,94;100,0
2021;5;Estados Unidos de América;Andalucía;Sevilla;;;100,0;100,0
2021;5;Francia;Andalucía;Sevilla;56,64;75,74;100,0;
2021;5;Italia;Andalucía;Sevilla;97,92;65,8;100,0;100,0
2021;5;Noruega;Andalucía;Sevilla;;;100,0;100,0
2021;5;Portugal;Andalucía;Sevilla;62,68;65,8;100,0;100,0
2021;5;Reino Unido;Andalucía;Sevilla;67,39;70,49;70,55;100,0
2021;5;Suecia;Andalucía;Sevilla;;;100,0;100,0
2021;5;Total;Andalucía;Sevilla;75,64;61,41;91,55;94,46
2021;6;Alemania;Andalucía;Sevilla;76,36;65,8;100,0;100,0
2021;6;Dinamarca;Andalucía;Sevilla;92,82;89,41;100,0;100,0
2021;6;Espańa;Andalucía;Sevilla;71,48;60,1;85,75;86,26
2021;6;Estados Unidos de América;Andalucía;Sevilla;;;100,0;100,0
2021;6;Francia;Andalucía;Sevilla;58,46;70,34;100,0;
2021;6;Italia;Andalucía;Sevilla;90,78;65,8;100,0;100,0
2021;6;Noruega;Andalucía;Sevilla;;;100,0;100,0
2021;6;Portugal;Andalucía;Sevilla;73,28;65,8;100,0;100,0
2021;6;Reino Unido;Andalucía;Sevilla;66,21;74,67;100,0;80,47
2021;6;Suecia;Andalucía;Sevilla;57,96;;100,0;100,0
2021;6;Total;Andalucía;Sevilla;74,17;59,23;89,21;86,74
2021;7;Alemania;Andalucía;Sevilla;74,57;65,8;100,0;100,0
2021;7;Dinamarca;Andalucía;Sevilla;;;100,0;100,0
2021;7;Espańa;Andalucía;Sevilla;82,04;63,1;92,93;85,51
2021;7;Estados Unidos de América;Andalucía;Sevilla;74,48;65,8;100,0;100,0
2021;7;Francia;Andalucía;Sevilla;86,91;65,8;100,0;100,0
2021;7;Italia;Andalucía;Sevilla;73,51;32,9;100,0;100,0
2021;7;Noruega;Andalucía;Sevilla;;;100,0;100,0
2021;7;Portugal;Andalucía;Sevilla;76,77;65,8;100,0;100,0
2021;7;Reino Unido;Andalucía;Sevilla;88,83;71,02;89,38;100,0
2021;7;Suecia;Andalucía;Sevilla;;;100,0;100,0
2021;7;Total;Andalucía;Sevilla;80,82;57,62;93,1;89,72
2021;8;Alemania;Andalucía;Sevilla;73,22;65,8;100,0;100,0
2021;8;Dinamarca;Andalucía;Sevilla;100,0;65,8;100,0;100,0
2021;8;Espańa;Andalucía;Sevilla;79,71;60,76;87,96;94,88
2021;8;Estados Unidos de América;Andalucía;Sevilla;;;100,0;100,0
2021;8;Francia;Andalucía;Sevilla;62,48;42,14;100,0;100,0
2021;8;Italia;Andalucía;Sevilla;86,34;65,8;100,0;100,0
2021;8;Noruega;Andalucía;Sevilla;;;100,0;100,0
2021;8;Portugal;Andalucía;Sevilla;80,48;77,6;100,0;100,0
2021;8;Reino Unido;Andalucía;Sevilla;94,73;71,42;100,0;100,0
2021;8;Suecia;Andalucía;Sevilla;;;100,0;100,0
2021;8;Total;Andalucía;Sevilla;79,74;63,3;89,25;94,79
2021;9;Alemania;Andalucía;Sevilla;92,48;81,23;100,0;100,0
2021;9;Dinamarca;Andalucía;Sevilla;;;100,0;100,0
2021;9;Espańa;Andalucía;Sevilla;80,85;63,33;91,77;88,69
2021;9;Estados Unidos de América;Andalucía;Sevilla;;;100,0;100,0
2021;9;Francia;Andalucía;Sevilla;83,02;65,8;100,0;100,0
2021;9;Italia;Andalucía;Sevilla;90,07;69,97;100,0;100,0
2021;9;Noruega;Andalucía;Sevilla;79,74;65,8;100,0;100,0
2021;9;Portugal;Andalucía;Sevilla;66,15;65,8;100,0;100,0
2021;9;Reino Unido;Andalucía;Sevilla;85,75;71,75;91,17;100,0
2021;9;Suecia;Andalucía;Sevilla;77,59;65,8;100,0;100,0
2021;9;Total;Andalucía;Sevilla;80,55;64,78;93,05;88,36
2021;10;Alemania;Andalucía;Sevilla;87,9;65,85;100,0;100,0
2021;10;Dinamarca;Andalucía;Sevilla;;;100,0;100,0
2021;10;Espańa;Andalucía;Sevilla;78,9;59,39;95,27;84,14
2021;10;Estados Unidos de América;Andalucía;Sevilla;97,45;89,41;100,0;100,0
2021;10;Francia;Andalucía;Sevilla;67,19;73,27;100,0;100,0
2021;10;Italia;Andalucía;Sevilla;88,45;78,0;100,0;100,0
2021;10;Noruega;Andalucía;Sevilla;;;100,0;100,0
2021;10;Portugal;Andalucía;Sevilla;;;100,0;100,0
2021;10;Reino Unido;Andalucía;Sevilla;80,05;72,44;84,88;100,0
2021;10;Suecia;Andalucía;Sevilla;;;100,0;100,0
2021;10;Total;Andalucía;Sevilla;78,73;61,14;92,83;89,59
2021;11;Alemania;Andalucía;Sevilla;75,56;65,42;100,0;100,0
2021;11;Dinamarca;Andalucía;Sevilla;;;100,0;100,0
2021;11;Espańa;Andalucía;Sevilla;73,17;73,23;90,29;90,36
2021;11;Estados Unidos de América;Andalucía;Sevilla;95,14;89,41;100,0;100,0
2021;11;Francia;Andalucía;Sevilla;75,57;71,05;100,0;100,0
2021;11;Italia;Andalucía;Sevilla;80,77;66,81;100,0;100,0
2021;11;Noruega;Andalucía;Sevilla;;;100,0;100,0
2021;11;Portugal;Andalucía;Sevilla;68,99;65,8;100,0;100,0
2021;11;Reino Unido;Andalucía;Sevilla;85,9;75,95;100,0;84,38
2021;11;Suecia;Andalucía;Sevilla;54,34;65,8;100,0;100,0
2021;11;Total;Andalucía;Sevilla;73,02;60,61;91,67;92,96
2021;12;Alemania;Andalucía;Sevilla;66,77;39,2;100,0;100,0
2021;12;Dinamarca;Andalucía;Sevilla;;;100,0;100,0
2021;12;Espańa;Andalucía;Sevilla;81,23;71,77;87,23;90,04
2021;12;Estados Unidos de América;Andalucía;Sevilla;77,38;28,9;100,0;100,0
2021;12;Francia;Andalucía;Sevilla;78,21;73,75;93,49;80,62
2021;12;Italia;Andalucía;Sevilla;91,4;73,14;100,0;100,0
2021;12;Noruega;Andalucía;Sevilla;;;100,0;100,0
2021;12;Portugal;Andalucía;Sevilla;65,87;72,3;100,0;100,0
2021;12;Reino Unido;Andalucía;Sevilla;84,47;78,35;82,52;100,0
2021;12;Suecia;Andalucía;Sevilla;58,59;65,8;100,0;100,0
2021;12;Total;Andalucía;Sevilla;82,58;71,01;91,58;88,48
2022;1;Alemania;Andalucía;Sevilla;89,48;73,87;100,0;100,0
2022;1;Dinamarca;Andalucía;Sevilla;;;100,0;100,0
2022;1;Espańa;Andalucía;Sevilla;84,24;62,29;90,97;94,62
2022;1;Estados Unidos de América;Andalucía;Sevilla;59,33;40,47;100,0;100,0
2022;1;Francia;Andalucía;Sevilla;74,42;75,04;91,65;81,34
2022;1;Italia;Andalucía;Sevilla;84,61;75,8;90,35;85,63
2022;1;Noruega;Andalucía;Sevilla;70,5;77,6;100,0;100,0
2022;1;Portugal;Andalucía;Sevilla;80,57;76,43;100,0;100,0
2022;1;Reino Unido;Andalucía;Sevilla;86,79;75,3;84,53;94,24
2022;1;Suecia;Andalucía;Sevilla;80,09;65,8;100,0;100,0
2022;1;Total;Andalucía;Sevilla;85,47;68,36;92,84;94,67
2022;2;Alemania;Andalucía;Sevilla;80,56;71,56;100,0;100,0
2022;2;Dinamarca;Andalucía;Sevilla;95,8;84,8;100,0;100,0
2022;2;Espańa;Andalucía;Sevilla;81,52;66,84;88,64;91,54
2022;2;Estados Unidos de América;Andalucía;Sevilla;90,24;73,86;100,0;100,0
2022;2;Francia;Andalucía;Sevilla;81,31;78,77;100,0;100,0
2022;2;Italia;Andalucía;Sevilla;97,44;73,27;100,0;100,0
2022;2;Noruega;Andalucía;Sevilla;92,12;65,8;100,0;100,0
2022;2;Portugal;Andalucía;Sevilla;72,82;77,57;100,0;100,0
2022;2;Reino Unido;Andalucía;Sevilla;85,77;73,21;95,65;93,52
2022;2;Suecia;Andalucía;Sevilla;84,9;66,77;100,0;100,0
2022;2;Total;Andalucía;Sevilla;83,87;69,02;92,36;93,66
2022;3;Alemania;Andalucía;Sevilla;73,56;46,32;100,0;100,0
2022;3;Dinamarca;Andalucía;Sevilla;;;100,0;100,0
2022;3;Espańa;Andalucía;Sevilla;73,33;52,61;94,16;82,6
2022;3;Estados Unidos de América;Andalucía;Sevilla;85,56;74,39;100,0;100,0
2022;3;Francia;Andalucía;Sevilla;70,08;70,33;87,47;100,0
2022;3;Italia;Andalucía;Sevilla;73,42;47,96;100,0;100,0
2022;3;Noruega;Andalucía;Sevilla;80,53;65,8;100,0;100,0
2022;3;Portugal;Andalucía;Sevilla;;;100,0;100,0
2022;3;Reino Unido;Andalucía;Sevilla;81,67;70,92;96,13;94,24
2022;3;Suecia;Andalucía;Sevilla;81,65;65,8;100,0;100,0
2022;3;Total;Andalucía;Sevilla;77,23;68,65;93,98;79,37
2022;4;Alemania;Andalucía;Sevilla;67,25;73,93;100,0;100,0
2022;4;Dinamarca;Andalucía;Sevilla;80,06;65,8;100,0;100,0
2022;4;Espańa;Andalucía;Sevilla;72,02;55,46;87,77;91,65
2022;4;Estados Unidos de América;Andalucía;Sevilla;67,2;40,46;100,0;100,0
2022;4;Francia;Andalucía;Sevilla;66,94;75,18;100,0;79,17
2022;4;Italia;Andalucía;Sevilla;75,34;51,87;100,0;100,0
2022;4;Noruega;Andalucía;Sevilla;;;100,0;100,0
2022;4;Portugal;Andalucía;Sevilla;60,6;79,85;100,0;100,0
2022;4;Reino Unido;Andalucía;Sevilla;87,38;75,28;93,54;100,0
2022;4;Suecia;Andalucía;Sevilla;69,78;65,8;100,0;100,0
2022;4;Total;Andalucía;Sevilla;76,08;69,1;93,29;85,09
2022;5;Alemania;Andalucía;Sevilla;75,92;73,21;100,0;100,0
2022;5;Dinamarca;Andalucía;Sevilla;56,42;65,8;100,0;100,0
2022;5;Espańa;Andalucía;Sevilla;70,58;48,78;87,8;91,92
2022;5;Estados Unidos de América;Andalucía;Sevilla;83,68;76,31;100,0;100,0
2022;5;Francia;Andalucía;Sevilla;70,24;76,85;100,0;100,0
2022;5;Italia;Andalucía;Sevilla;77,91;67,71;100,0;100,0
2022;5;Noruega;Andalucía;Sevilla;76,81;81,54;100,0;100,0
2022;5;Portugal;Andalucía;Sevilla;65,11;73,13;100,0;100,0
2022;5;Reino Unido;Andalucía;Sevilla;82,21;63,82;98,75;96,28
2022;5;Suecia;Andalucía;Sevilla;59,14;65,8;100,0;100,0
2022;5;Total;Andalucía;Sevilla;78,86;71,16;95,13;90,24
2022;6;Alemania;Andalucía;Sevilla;85,87;77,6;100,0;100,0
2022;6;Dinamarca;Andalucía;Sevilla;;;100,0;100,0
2022;6;Espańa;Andalucía;Sevilla;73,74;50,38;84,66;91,06
2022;6;Estados Unidos de América;Andalucía;Sevilla;;;100,0;100,0
2022;6;Francia;Andalucía;Sevilla;79,9;77,97;100,0;100,0
2022;6;Italia;Andalucía;Sevilla;87,29;71,7;100,0;100,0
2022;6;Noruega;Andalucía;Sevilla;;;100,0;100,0
2022;6;Portugal;Andalucía;Sevilla;78,24;65,8;100,0;100,0
2022;6;Reino Unido;Andalucía;Sevilla;84,78;73,77;91,93;100,0
2022;6;Suecia;Andalucía;Sevilla;69,89;65,8;100,0;100,0
2022;6;Total;Andalucía;Sevilla;83,88;63,42;95,21;94,6
2022;7;Alemania;Andalucía;Sevilla;76,83;43,87;100,0;100,0
2022;7;Dinamarca;Andalucía;Sevilla;;;100,0;100,0
2022;7;Espańa;Andalucía;Sevilla;80,11;48,47;93,21;98,55
2022;7;Estados Unidos de América;Andalucía;Sevilla;;;100,0;100,0
2022;7;Francia;Andalucía;Sevilla;85,59;74,06;100,0;100,0
2022;7;Italia;Andalucía;Sevilla;95,77;65,8;100,0;100,0
2022;7;Noruega;Andalucía;Sevilla;;;100,0;100,0
2022;7;Portugal;Andalucía;Sevilla;;;100,0;100,0
2022;7;Reino Unido;Andalucía;Sevilla;90,56;75,84;100,0;89,13
2022;7;Suecia;Andalucía;Sevilla;;;100,0;100,0
2022;7;Total;Andalucía;Sevilla;90,18;67,18;93,07;94,67
2022;8;Alemania;Andalucía;Sevilla;91,71;70,94;100,0;100,0
2022;8;Dinamarca;Andalucía;Sevilla;;;100,0;100,0
2022;8;Espańa;Andalucía;Sevilla;79,88;54,34;85,97;94,43
2022;8;Estados Unidos de América;Andalucía;Sevilla;91,91;81,54;100,0;100,0
2022;8;Francia;Andalucía;Sevilla;86,77;75,02;100,0;100,0
2022;8;Italia;Andalucía;Sevilla;100,0;77,77;100,0;100,0
2022;8;Noruega;Andalucía;Sevilla;;;100,0;100,0
2022;8;Portugal;Andalucía;Sevilla;80,09;66,81;100,0;100,0
2022;8;Reino Unido;Andalucía;Sevilla;85,81;49,33;91,93;87,98
2022;8;Suecia;Andalucía;Sevilla;;;100,0;100,0
2022;8;Total;Andalucía;Sevilla;89,99;68,29;94,2;93,95
2022;9;Alemania;Andalucía;Sevilla;95,2;78,97;100,0;100,0
2022;9;Dinamarca;Andalucía;Sevilla;91,73;65,85;100,0;100,0
2022;9;Espańa;Andalucía;Sevilla;75,88;56,42;92,63;88,18
2022;9;Estados Unidos de América;Andalucía;Sevilla;81,3;27,71;100,0;100,0
2022;9;Francia;Andalucía;Sevilla;66,91;11,82;100,0;100,0
2022;9;Italia;Andalucía;Sevilla;95,51;74,06;100,0;100,0
2022;9;Noruega;Andalucía;Sevilla;100,0;77,6;100,0;100,0
2022;9;Portugal;Andalucía;Sevilla;76,29;65,8;100,0;100,0
2022;9;Reino Unido;Andalucía;Sevilla;83,69;69,48;73,5;86,84
2022;9;Suecia;Andalucía;Sevilla;72,51;65,8;100,0;100,0
2022;9;Total;Andalucía;Sevilla;85,87;65,61;95,33;91,95
2022;10;Alemania;Andalucía;Sevilla;65,75;28,9;100,0;100,0
2022;10;Dinamarca;Andalucía;Sevilla;88,76;71,72;100,0;100,0
2022;10;Espańa;Andalucía;Sevilla;69,78;49,58;83,84;84,18
2022;10;Estados Unidos de América;Andalucía;Sevilla;93,88;72,65;100,0;100,0
2022;10;Francia;Andalucía;Sevilla;70,77;55,77;100,0;100,0
2022;10;Italia;Andalucía;Sevilla;66,31;19,02;86,01;100,0
2022;10;Noruega;Andalucía;Sevilla;58,69;;100,0;100,0
2022;10;Portugal;Andalucía;Sevilla;81,01;74,05;100,0;100,0
2022;10;Reino Unido;Andalucía;Sevilla;82,96;44,86;94,42;95,85
2022;10;Suecia;Andalucía;Sevilla;83,59;65,8;100,0;100,0
2022;10;Total;Andalucía;Sevilla;84,37;64,46;91,1;90,52
2022;11;Alemania;Andalucía;Sevilla;71,4;28,74;100,0;100,0
2022;11;Dinamarca;Andalucía;Sevilla;91,57;65,8;100,0;100,0
2022;11;Espańa;Andalucía;Sevilla;75,85;54,11;77,38;89,63
2022;11;Estados Unidos de América;Andalucía;Sevilla;95,77;72,85;94,88;92,38
2022;11;Francia;Andalucía;Sevilla;71,75;69,84;77,92;67,11
2022;11;Italia;Andalucía;Sevilla;69,88;25,68;100,0;100,0
2022;11;Noruega;Andalucía;Sevilla;67,01;65,8;100,0;100,0
2022;11;Portugal;Andalucía;Sevilla;89,19;65,8;100,0;100,0
2022;11;Reino Unido;Andalucía;Sevilla;90,96;67,13;92,92;100,0
2022;11;Suecia;Andalucía;Sevilla;100,0;89,41;100,0;100,0
2022;11;Total;Andalucía;Sevilla;88,9;64,12;89,63;91,29
2022;12;Alemania;Andalucía;Sevilla;84,57;66,81;100,0;100,0
2022;12;Dinamarca;Andalucía;Sevilla;86,49;66,81;100,0;100,0
2022;12;Espańa;Andalucía;Sevilla;79,7;57,67;87,42;87,51
2022;12;Estados Unidos de América;Andalucía;Sevilla;95,59;71,98;95,95;87,92
2022;12;Francia;Andalucía;Sevilla;65,34;62,65;78,66;68,22
2022;12;Italia;Andalucía;Sevilla;82,33;46,51;84,17;100,0
2022;12;Noruega;Andalucía;Sevilla;98,45;65,8;100,0;100,0
2022;12;Portugal;Andalucía;Sevilla;89,27;73,67;100,0;100,0
2022;12;Reino Unido;Andalucía;Sevilla;84,79;53,88;92,37;88,64
2022;12;Suecia;Andalucía;Sevilla;;;100,0;100,0
2022;12;Total;Andalucía;Sevilla;90,11;71,99;93,5;82,74
2023;1;Alemania;Andalucía;Sevilla;83,05;73,9;100,0;100,0
2023;1;Dinamarca;Andalucía;Sevilla;97,74;74,34;100,0;100,0
2023;1;Espańa;Andalucía;Sevilla;78,63;52,26;76,7;92,59
2023;1;Estados Unidos de América;Andalucía;Sevilla;95,95;73,84;91,35;100,0
2023;1;Francia;Andalucía;Sevilla;84,21;72,35;80,71;92,82
2023;1;Italia;Andalucía;Sevilla;94,37;77,94;80,93;100,0
2023;1;Noruega;Andalucía;Sevilla;98,3;65,8;100,0;100,0
2023;1;Portugal;Andalucía;Sevilla;94,17;73,95;100,0;100,0
2023;1;Reino Unido;Andalucía;Sevilla;91,77;65,23;92,72;89,16
2023;1;Suecia;Andalucía;Sevilla;100,0;65,8;100,0;100,0
2023;1;Total;Andalucía;Sevilla;91,93;65,67;90,15;93,14
2023;2;Alemania;Andalucía;Sevilla;78,7;72,31;100,0;100,0
2023;2;Dinamarca;Andalucía;Sevilla;62,47;;100,0;100,0
2023;2;Espańa;Andalucía;Sevilla;78,23;56,02;83,25;93,92
2023;2;Estados Unidos de América;Andalucía;Sevilla;89,65;59,74;87,22;93,65
2023;2;Francia;Andalucía;Sevilla;82,55;63,66;100,0;82,99
2023;2;Italia;Andalucía;Sevilla;72,73;21,17;73,77;100,0
2023;2;Noruega;Andalucía;Sevilla;;;100,0;100,0
2023;2;Portugal;Andalucía;Sevilla;78,59;74,2;100,0;100,0
2023;2;Reino Unido;Andalucía;Sevilla;99,46;70,86;92,44;88,74
2023;2;Suecia;Andalucía;Sevilla;79,22;65,8;100,0;100,0
2023;2;Total;Andalucía;Sevilla;88,99;66,45;91,55;93,31
2023;3;Alemania;Andalucía;Sevilla;66,82;44,44;83,54;100,0
2023;3;Dinamarca;Andalucía;Sevilla;82,94;65,8;100,0;100,0
2023;3;Espańa;Andalucía;Sevilla;75,18;44,89;83,83;93,9
2023;3;Estados Unidos de América;Andalucía;Sevilla;96,51;71,75;100,0;100,0
2023;3;Francia;Andalucía;Sevilla;70,97;37,14;84,17;100,0
2023;3;Italia;Andalucía;Sevilla;78,56;66,53;55,24;100,0
2023;3;Noruega;Andalucía;Sevilla;91,47;65,8;100,0;100,0
2023;3;Portugal;Andalucía;Sevilla;85,52;80,18;100,0;100,0
2023;3;Reino Unido;Andalucía;Sevilla;92,47;68,65;87,98;96,42
2023;3;Suecia;Andalucía;Sevilla;93,9;65,85;100,0;100,0
2023;3;Total;Andalucía;Sevilla;87,97;64,82;92,27;92,31
2023;4;Alemania;Andalucía;Sevilla;74,55;65,85;100,0;100,0
2023;4;Dinamarca;Andalucía;Sevilla;99,88;65,85;100,0;100,0
2023;4;Espańa;Andalucía;Sevilla;75,79;43,27;87,35;94,26
2023;4;Estados Unidos de América;Andalucía;Sevilla;89,37;56,72;92,89;94,7
2023;4;Francia;Andalucía;Sevilla;65,51;66,56;73,36;93,39
2023;4;Italia;Andalucía;Sevilla;84,99;61,05;100,0;100,0
2023;4;Noruega;Andalucía;Sevilla;94,97;65,8;100,0;100,0
2023;4;Portugal;Andalucía;Sevilla;62,43;46,7;100,0;100,0
2023;4;Reino Unido;Andalucía;Sevilla;79,5;74,97;70,55;84,34
2023;4;Suecia;Andalucía;Sevilla;95,38;77,6;100,0;100,0
2023;4;Total;Andalucía;Sevilla;86,97;66,36;91,38;94,62
2023;5;Alemania;Andalucía;Sevilla;78,86;65,64;100,0;100,0
2023;5;Dinamarca;Andalucía;Sevilla;77,59;65,8;100,0;100,0
2023;5;Espańa;Andalucía;Sevilla;65,65;44,02;83,75;82,5
2023;5;Estados Unidos de América;Andalucía;Sevilla;70,62;35,8;79,43;81,62
2023;5;Francia;Andalucía;Sevilla;50,87;40,39;74,82;100,0
2023;5;Italia;Andalucía;Sevilla;83,26;61,75;85,78;100,0
2023;5;Noruega;Andalucía;Sevilla;94,13;65,8;100,0;100,0
2023;5;Portugal;Andalucía;Sevilla;83,37;73,95;100,0;100,0
2023;5;Reino Unido;Andalucía;Sevilla;84,94;70,82;75,71;95,98
2023;5;Suecia;Andalucía;Sevilla;;;100,0;100,0
2023;5;Total;Andalucía;Sevilla;83,48;65,28;92,16;89,05
2023;6;Alemania;Andalucía;Sevilla;90,49;69,35;100,0;100,0
2023;6;Dinamarca;Andalucía;Sevilla;80,26;74,11;100,0;100,0
2023;6;Espańa;Andalucía;Sevilla;75,32;49,27;81,9;91,26
2023;6;Estados Unidos de América;Andalucía;Sevilla;87,37;51,0;96,27;100,0
2023;6;Francia;Andalucía;Sevilla;75,73;59,98;100,0;88,84
2023;6;Italia;Andalucía;Sevilla;92,6;72,27;100,0;100,0
2023;6;Noruega;Andalucía;Sevilla;79,86;65,8;100,0;100,0
2023;6;Portugal;Andalucía;Sevilla;64,13;11,82;100,0;100,0
2023;6;Reino Unido;Andalucía;Sevilla;79,98;49,54;78,06;91,83
2023;6;Suecia;Andalucía;Sevilla;87,63;65,8;100,0;100,0
2023;6;Total;Andalucía;Sevilla;90,33;65,36;91,98;90,86
2023;7;Alemania;Andalucía;Sevilla;69,18;32,9;100,0;100,0
2023;7;Dinamarca;Andalucía;Sevilla;;;100,0;100,0
2023;7;Espańa;Andalucía;Sevilla;79,96;51,85;88,89;90,81
2023;7;Estados Unidos de América;Andalucía;Sevilla;99,42;73,93;100,0;100,0
2023;7;Francia;Andalucía;Sevilla;90,75;72,75;100,0;100,0
2023;7;Italia;Andalucía;Sevilla;95,74;50,89;100,0;100,0
2023;7;Noruega;Andalucía;Sevilla;;;100,0;100,0
2023;7;Portugal;Andalucía;Sevilla;;;100,0;100,0
2023;7;Reino Unido;Andalucía;Sevilla;94,99;61,21;100,0;100,0
2023;7;Suecia;Andalucía;Sevilla;;;100,0;100,0
2023;7;Total;Andalucía;Sevilla;96,88;68,25;94,3;94,56
2023;8;Alemania;Andalucía;Sevilla;;;100,0;100,0
2023;8;Dinamarca;Andalucía;Sevilla;;;100,0;100,0
2023;8;Espańa;Andalucía;Sevilla;84,22;62,64;80,78;95,23
2023;8;Estados Unidos de América;Andalucía;Sevilla;80,91;59,17;100,0;100,0
2023;8;Francia;Andalucía;Sevilla;81,7;73,67;100,0;100,0
2023;8;Italia;Andalucía;Sevilla;93,87;67,32;100,0;100,0
2023;8;Noruega;Andalucía;Sevilla;;;100,0;100,0
2023;8;Portugal;Andalucía;Sevilla;;;100,0;100,0
2023;8;Reino Unido;Andalucía;Sevilla;94,15;65,8;100,0;100,0
2023;8;Suecia;Andalucía;Sevilla;;;100,0;100,0
2023;8;Total;Andalucía;Sevilla;95,42;69,16;95,48;94,91
2023;9;Alemania;Andalucía;Sevilla;86,87;67,0;100,0;100,0
2023;9;Dinamarca;Andalucía;Sevilla;86,24;65,8;100,0;100,0
2023;9;Espańa;Andalucía;Sevilla;75,99;55,96;91,03;85,9
2023;9;Estados Unidos de América;Andalucía;Sevilla;76,25;33,26;84,17;100,0
2023;9;Francia;Andalucía;Sevilla;81,19;73,08;100,0;84,38
2023;9;Italia;Andalucía;Sevilla;92,91;65,8;100,0;100,0
2023;9;Noruega;Andalucía;Sevilla;;;100,0;100,0
2023;9;Portugal;Andalucía;Sevilla;88,39;74,06;100,0;100,0
2023;9;Reino Unido;Andalucía;Sevilla;89,03;74,47;73,77;90,23
2023;9;Suecia;Andalucía;Sevilla;;;100,0;100,0
2023;9;Total;Andalucía;Sevilla;88,49;66,87;94,3;90,11
2023;10;Alemania;Andalucía;Sevilla;85,8;81,67;100,0;100,0
2023;10;Dinamarca;Andalucía;Sevilla;100,0;89,41;100,0;100,0
2023;10;Espańa;Andalucía;Sevilla;63,85;42,63;85,04;78,43
2023;10;Estados Unidos de América;Andalucía;Sevilla;89,06;65,53;90,3;78,32
2023;10;Francia;Andalucía;Sevilla;71,67;71,02;100,0;81,88
2023;10;Italia;Andalucía;Sevilla;96,87;75,5;100,0;100,0
2023;10;Noruega;Andalucía;Sevilla;;;100,0;100,0
2023;10;Portugal;Andalucía;Sevilla;72,25;63,07;100,0;100,0
2023;10;Reino Unido;Andalucía;Sevilla;84,73;65,13;90,75;79,34
2023;10;Suecia;Andalucía;Sevilla;71,58;65,8;100,0;100,0
2023;10;Total;Andalucía;Sevilla;82,66;61,79;91,18;83,05
2023;11;Alemania;Andalucía;Sevilla;64,05;47,4;100,0;100,0
2023;11;Dinamarca;Andalucía;Sevilla;98,5;65,8;100,0;100,0
2023;11;Espańa;Andalucía;Sevilla;74,45;50,19;88,26;94,71
2023;11;Estados Unidos de América;Andalucía;Sevilla;94,13;79,94;88,45;100,0
2023;11;Francia;Andalucía;Sevilla;61,37;20,99;100,0;78,63
2023;11;Italia;Andalucía;Sevilla;96,83;76,0;100,0;100,0
2023;11;Noruega;Andalucía;Sevilla;81,26;65,8;100,0;100,0
2023;11;Portugal;Andalucía;Sevilla;81,09;77,6;100,0;100,0
2023;11;Reino Unido;Andalucía;Sevilla;84,16;71,67;84,12;92,11
2023;11;Suecia;Andalucía;Sevilla;82,35;69,75;100,0;100,0
2023;11;Total;Andalucía;Sevilla;83,95;63,98;91,35;90,87
2023;12;Alemania;Andalucía;Sevilla;74,01;72,16;100,0;100,0
2023;12;Dinamarca;Andalucía;Sevilla;;;100,0;100,0
2023;12;Espańa;Andalucía;Sevilla;73,57;47,98;81,23;92,88
2023;12;Estados Unidos de América;Andalucía;Sevilla;84,98;62,36;88,34;91,32
2023;12;Francia;Andalucía;Sevilla;73,75;74,86;92,08;64,62
2023;12;Italia;Andalucía;Sevilla;82,74;65,42;100,0;100,0
2023;12;Noruega;Andalucía;Sevilla;;;100,0;100,0
2023;12;Portugal;Andalucía;Sevilla;85,93;74,2;100,0;100,0
2023;12;Reino Unido;Andalucía;Sevilla;80,97;57,65;85,34;100,0
2023;12;Suecia;Andalucía;Sevilla;;;100,0;100,0
2023;12;Total;Andalucía;Sevilla;88,17;68,81;91,29;93,46
2024;1;Alemania;Andalucía;Sevilla;58,67;18,65;100,0;100,0
2024;1;Dinamarca;Andalucía;Sevilla;92,82;89,41;100,0;100,0
2024;1;Espańa;Andalucía;Sevilla;69,06;34,55;87,72;89,96
2024;1;Estados Unidos de América;Andalucía;Sevilla;76,0;45,48;94,25;91,44
2024;1;Francia;Andalucía;Sevilla;73,93;53,04;100,0;87,5
2024;1;Italia;Andalucía;Sevilla;67,04;55,38;68,33;100,0
2024;1;Noruega;Andalucía;Sevilla;84,99;65,8;100,0;100,0
2024;1;Portugal;Andalucía;Sevilla;88,08;89,41;100,0;100,0
2024;1;Reino Unido;Andalucía;Sevilla;71,86;35,06;90,2;100,0
2024;1;Suecia;Andalucía;Sevilla;66,23;;100,0;100,0
2024;1;Total;Andalucía;Sevilla;86,83;62,05;91,41;90,47
2024;2;Alemania;Andalucía;Sevilla;77,78;65,8;100,0;100,0
2024;2;Dinamarca;Andalucía;Sevilla;86,71;65,8;100,0;100,0
2024;2;Espańa;Andalucía;Sevilla;75,12;47,47;88,74;86,96
2024;2;Estados Unidos de América;Andalucía;Sevilla;93,77;71,51;93,34;100,0
2024;2;Francia;Andalucía;Sevilla;73,89;72,6;84,17;76,42
2024;2;Italia;Andalucía;Sevilla;75,36;61,28;71,55;78,81
2024;2;Noruega;Andalucía;Sevilla;;;100,0;100,0
2024;2;Portugal;Andalucía;Sevilla;80,6;77,6;100,0;100,0
2024;2;Reino Unido;Andalucía;Sevilla;91,23;72,2;91,89;87,92
2024;2;Suecia;Andalucía;Sevilla;88,71;77,77;100,0;100,0
2024;2;Total;Andalucía;Sevilla;86,55;62,86;91,84;87,22
2024;3;Alemania;Andalucía;Sevilla;80,81;65,57;100,0;100,0
2024;3;Dinamarca;Andalucía;Sevilla;99,18;65,8;100,0;100,0
2024;3;Espańa;Andalucía;Sevilla;62,87;40,39;84,43;60,8
2024;3;Estados Unidos de América;Andalucía;Sevilla;83,06;46,07;95,98;82,06
2024;3;Francia;Andalucía;Sevilla;58,86;15,75;92,08;64,62
2024;3;Italia;Andalucía;Sevilla;69,55;16,52;100,0;100,0
2024;3;Noruega;Andalucía;Sevilla;81,46;65,8;100,0;100,0
2024;3;Portugal;Andalucía;Sevilla;80,15;65,24;100,0;100,0
2024;3;Reino Unido;Andalucía;Sevilla;87,29;62,48;88,61;77,38
2024;3;Suecia;Andalucía;Sevilla;89,31;65,8;100,0;100,0
2024;3;Total;Andalucía;Sevilla;80,78;61,59;89,33;72,89
2024;4;Alemania;Andalucía;Sevilla;70,4;56,17;100,0;100,0
2024;4;Dinamarca;Andalucía;Sevilla;74,56;65,8;100,0;100,0
2024;4;Espańa;Andalucía;Sevilla;68,66;35,85;86,86;93,76
2024;4;Estados Unidos de América;Andalucía;Sevilla;84,36;62,54;95,54;100,0
2024;4;Francia;Andalucía;Sevilla;62,3;72,69;74,76;81,2
2024;4;Italia;Andalucía;Sevilla;62,16;32,95;100,0;76,42
2024;4;Noruega;Andalucía;Sevilla;82,73;65,8;100,0;100,0
2024;4;Portugal;Andalucía;Sevilla;74,18;54,38;100,0;100,0
2024;4;Reino Unido;Andalucía;Sevilla;80,44;67,12;78,93;89,54
2024;4;Suecia;Andalucía;Sevilla;;;100,0;100,0
2024;4;Total;Andalucía;Sevilla;81,69;62,61;91,42;90,39
2024;5;Alemania;Andalucía;Sevilla;66,2;34,7;100,0;100,0
2024;5;Dinamarca;Andalucía;Sevilla;;;100,0;100,0
2024;5;Espańa;Andalucía;Sevilla;75,86;51,24;86,11;94,09
2024;5;Estados Unidos de América;Andalucía;Sevilla;87,73;67,14;89,77;100,0
2024;5;Francia;Andalucía;Sevilla;55,25;32,13;67,72;100,0
2024;5;Italia;Andalucía;Sevilla;78,27;62,59;69,48;100,0
2024;5;Noruega;Andalucía;Sevilla;76,16;65,8;100,0;100,0
2024;5;Portugal;Andalucía;Sevilla;82,35;76,1;100,0;100,0
2024;5;Reino Unido;Andalucía;Sevilla;88,06;76,04;86,19;84,57
2024;5;Suecia;Andalucía;Sevilla;;;100,0;100,0
2024;5;Total;Andalucía;Sevilla;87,21;66,61;92,69;94,28
2024;6;Alemania;Andalucía;Sevilla;83,43;70,34;100,0;100,0
2024;6;Dinamarca;Andalucía;Sevilla;100,0;89,41;100,0;100,0
2024;6;Espańa;Andalucía;Sevilla;77,2;58,93;82,65;88,11
2024;6;Estados Unidos de América;Andalucía;Sevilla;81,64;66,13;80,02;88,1
2024;6;Francia;Andalucía;Sevilla;71,11;46,08;86,24;59,02
2024;6;Italia;Andalucía;Sevilla;92,05;74,51;100,0;100,0
2024;6;Noruega;Andalucía;Sevilla;95,82;65,8;100,0;100,0
2024;6;Portugal;Andalucía;Sevilla;94,81;77,91;100,0;100,0
2024;6;Reino Unido;Andalucía;Sevilla;87,13;53,54;91,17;93,42
2024;6;Suecia;Andalucía;Sevilla;;;100,0;100,0
2024;6;Total;Andalucía;Sevilla;88,33;62,84;91,33;90,1
2024;7;Alemania;Andalucía;Sevilla;79,82;61,26;100,0;100,0
2024;7;Dinamarca;Andalucía;Sevilla;;;100,0;100,0
2024;7;Espańa;Andalucía;Sevilla;80,03;43,66;89,01;97,27
2024;7;Estados Unidos de América;Andalucía;Sevilla;78,78;61,12;58,39;89,67
2024;7;Francia;Andalucía;Sevilla;87,75;62,54;100,0;100,0
2024;7;Italia;Andalucía;Sevilla;98,82;69,44;100,0;100,0
2024;7;Noruega;Andalucía;Sevilla;100,0;89,41;100,0;100,0
2024;7;Portugal;Andalucía;Sevilla;58,32;7,46;100,0;100,0
2024;7;Reino Unido;Andalucía;Sevilla;91,43;50,91;100,0;90,31
2024;7;Suecia;Andalucía;Sevilla;;;100,0;100,0
2024;7;Total;Andalucía;Sevilla;94,4;63,34;92,92;92,13
2024;8;Alemania;Andalucía;Sevilla;90,66;75,1;100,0;100,0
2024;8;Dinamarca;Andalucía;Sevilla;93,68;65,8;100,0;100,0
2024;8;Espańa;Andalucía;Sevilla;75,01;43,88;81,14;97,89
2024;8;Estados Unidos de América;Andalucía;Sevilla;82,69;62,73;79,53;69,51
2024;8;Francia;Andalucía;Sevilla;69,54;36,78;88,18;100,0
2024;8;Italia;Andalucía;Sevilla;80,18;48,61;100,0;100,0
2024;8;Noruega;Andalucía;Sevilla;;;100,0;100,0
2024;8;Portugal;Andalucía;Sevilla;93,95;75,9;100,0;100,0
2024;8;Reino Unido;Andalucía;Sevilla;100,0;73,67;88,07;94,08
2024;8;Suecia;Andalucía;Sevilla;;;100,0;100,0
2024;8;Total;Andalucía;Sevilla;91,95;63,74;88,98;94,4
2024;9;Alemania;Andalucía;Sevilla;95,2;67,24;100,0;100,0
2024;9;Dinamarca;Andalucía;Sevilla;87,19;89,41;100,0;100,0
2024;9;Espańa;Andalucía;Sevilla;72,5;53,17;81,03;95,87
2024;9;Estados Unidos de América;Andalucía;Sevilla;66,4;46,63;54,1;100,0
2024;9;Francia;Andalucía;Sevilla;69,4;58,62;83,54;50,98
2024;9;Italia;Andalucía;Sevilla;61,13;16,45;100,0;100,0
2024;9;Noruega;Andalucía;Sevilla;70,61;66,81;100,0;100,0
2024;9;Portugal;Andalucía;Sevilla;89,65;89,41;100,0;100,0
2024;9;Reino Unido;Andalucía;Sevilla;100,0;76,61;100,0;91,38
2024;9;Suecia;Andalucía;Sevilla;;;100,0;100,0
2024;9;Total;Andalucía;Sevilla;89,08;64,34;91,11;93,12
2024;10;Alemania;Andalucía;Sevilla;72,24;65,8;100,0;100,0
2024;10;Dinamarca;Andalucía;Sevilla;82,86;65,8;100,0;100,0
2024;10;Espańa;Andalucía;Sevilla;61,32;50,69;80,33;71,36
2024;10;Estados Unidos de América;Andalucía;Sevilla;90,78;60,98;89,31;92,04
2024;10;Francia;Andalucía;Sevilla;55,27;71,79;100,0;8,09
2024;10;Italia;Andalucía;Sevilla;66,43;7,88;100,0;100,0
2024;10;Noruega;Andalucía;Sevilla;80,03;89,41;100,0;100,0
2024;10;Portugal;Andalucía;Sevilla;56,4;6,1;100,0;100,0
2024;10;Reino Unido;Andalucía;Sevilla;90,39;78,17;100,0;79,67
2024;10;Suecia;Andalucía;Sevilla;;;100,0;100,0
2024;10;Total;Andalucía;Sevilla;79,82;65,99;88,69;73,56
2024;11;Alemania;Andalucía;Sevilla;69,05;65,24;100,0;100,0
2024;11;Dinamarca;Andalucía;Sevilla;90,7;65,8;100,0;100,0
2024;11;Espańa;Andalucía;Sevilla;63,79;42,42;81,52;85,55
2024;11;Estados Unidos de América;Andalucía;Sevilla;88,95;77,34;88,81;75,0
2024;11;Francia;Andalucía;Sevilla;80,57;77,52;100,0;100,0
2024;11;Italia;Andalucía;Sevilla;87,73;50,8;100,0;100,0
2024;11;Noruega;Andalucía;Sevilla;;;100,0;100,0
2024;11;Portugal;Andalucía;Sevilla;66,84;51,64;100,0;100,0
2024;11;Reino Unido;Andalucía;Sevilla;83,51;54,0;83,38;87,62
2024;11;Suecia;Andalucía;Sevilla;;;100,0;100,0
2024;11;Total;Andalucía;Sevilla;84,22;64,9;91,08;88,4
2024;12;Alemania;Andalucía;Sevilla;59,97;24,1;100,0;100,0
2024;12;Dinamarca;Andalucía;Sevilla;;;100,0;100,0
2024;12;Espańa;Andalucía;Sevilla;82,52;58,04;91,51;92,42
2024;12;Estados Unidos de América;Andalucía;Sevilla;91,48;56,08;91,93;87,98
2024;12;Francia;Andalucía;Sevilla;62,44;28,41;100,0;77,68
2024;12;Italia;Andalucía;Sevilla;99,22;77,67;100,0;100,0
2024;12;Noruega;Andalucía;Sevilla;66,5;65,8;100,0;100,0
2024;12;Portugal;Andalucía;Sevilla;89,33;77,6;100,0;100,0
2024;12;Reino Unido;Andalucía;Sevilla;86,98;53,54;77,16;100,0
2024;12;Suecia;Andalucía;Sevilla;;;100,0;100,0
2024;12;Total;Andalucía;Sevilla;90,03;68,54;92,03;90,04
2025;1;Alemania;Andalucía;Sevilla;76,0;81,54;100,0;100,0
2025;1;Dinamarca;Andalucía;Sevilla;;;100,0;100,0
2025;1;Espańa;Andalucía;Sevilla;69,99;45,06;79,19;78,92
2025;1;Estados Unidos de América;Andalucía;Sevilla;90,71;71,95;92,7;89,13
2025;1;Francia;Andalucía;Sevilla;65,68;75,44;100,0;50,0
2025;1;Italia;Andalucía;Sevilla;80,67;57,36;100,0;100,0
2025;1;Noruega;Andalucía;Sevilla;;;100,0;100,0
2025;1;Portugal;Andalucía;Sevilla;80,0;65,8;100,0;100,0
2025;1;Reino Unido;Andalucía;Sevilla;75,85;41,1;75,67;90,94
2025;1;Suecia;Andalucía;Sevilla;65,88;65,8;100,0;100,0
2025;1;Total;Andalucía;Sevilla;72,57;44,57;84,9;80,32
2025;2;Alemania;Andalucía;Sevilla;75,76;60,7;100,0;100,0
2025;2;Dinamarca;Andalucía;Sevilla;;;100,0;100,0
2025;2;Espańa;Andalucía;Sevilla;76,45;59,13;86,67;88,66
2025;2;Estados Unidos de América;Andalucía;Sevilla;91,55;69,54;90,24;85,47
2025;2;Francia;Andalucía;Sevilla;80,84;70,27;100,0;100,0
2025;2;Italia;Andalucía;Sevilla;91,13;65,85;100,0;100,0
2025;2;Noruega;Andalucía;Sevilla;98,04;65,8;100,0;100,0
2025;2;Portugal;Andalucía;Sevilla;;;100,0;100,0
2025;2;Reino Unido;Andalucía;Sevilla;88,26;62,72;87,38;100,0
2025;2;Suecia;Andalucía;Sevilla;83,26;65,8;100,0;100,0
2025;2;Total;Andalucía;Sevilla;78,62;49,89;86,1;89,43
2025;3;Alemania;Andalucía;Sevilla;;;100,0;100,0
2025;3;Dinamarca;Andalucía;Sevilla;;;100,0;100,0
2025;3;Espańa;Andalucía;Sevilla;68,74;47,36;92,52;57,46
2025;3;Estados Unidos de América;Andalucía;Sevilla;86,86;79,2;100,0;90,03
2025;3;Francia;Andalucía;Sevilla;63,22;18,99;100,0;100,0
2025;3;Italia;Andalucía;Sevilla;95,49;78,3;100,0;100,0
2025;3;Noruega;Andalucía;Sevilla;;;100,0;100,0
2025;3;Portugal;Andalucía;Sevilla;79,58;78,59;100,0;100,0
2025;3;Reino Unido;Andalucía;Sevilla;86,64;77,85;83,69;77,25
2025;3;Suecia;Andalucía;Sevilla;100,0;84,0;100,0;100,0
2025;3;Total;Andalucía;Sevilla;74,04;49,52;93,17;64,47
2025;4;Alemania;Andalucía;Sevilla;74,83;78,59;100,0;100,0
2025;4;Dinamarca;Andalucía;Sevilla;87,56;89,41;100,0;100,0
2025;4;Espańa;Andalucía;Sevilla;77,34;59,22;92,9;84,67
2025;4;Estados Unidos de América;Andalucía;Sevilla;85,26;52,85;96,24;100,0
2025;4;Francia;Andalucía;Sevilla;56,68;17,64;85,45;69,56
2025;4;Italia;Andalucía;Sevilla;91,06;74,93;100,0;100,0
2025;4;Noruega;Andalucía;Sevilla;100,0;89,41;100,0;100,0
2025;4;Portugal;Andalucía;Sevilla;74,19;78,59;100,0;100,0
2025;4;Reino Unido;Andalucía;Sevilla;88,32;76,47;86,76;100,0
2025;4;Suecia;Andalucía;Sevilla;82,13;82,2;100,0;100,0
2025;4;Total;Andalucía;Sevilla;78,22;56,81;93,37;83,3
2025;5;Alemania;Andalucía;Sevilla;68,92;75,58;100,0;100,0
2025;5;Dinamarca;Andalucía;Sevilla;;;100,0;100,0
2025;5;Espańa;Andalucía;Sevilla;68,75;46,97;90,15;91,87
2025;5;Estados Unidos de América;Andalucía;Sevilla;79,45;69,6;100,0;80,24
2025;5;Francia;Andalucía;Sevilla;52,31;2,89;100,0;100,0
2025;5;Italia;Andalucía;Sevilla;86,3;77,82;100,0;100,0
2025;5;Noruega;Andalucía;Sevilla;96,56;78,59;100,0;100,0
2025;5;Portugal;Andalucía;Sevilla;50,51;;100,0;100,0
2025;5;Reino Unido;Andalucía;Sevilla;84,43;77,35;84,17;100,0
2025;5;Suecia;Andalucía;Sevilla;;;100,0;100,0
2025;5;Total;Andalucía;Sevilla;77,29;54,98;93,56;91,81
2025;6;Alemania;Andalucía;Sevilla;84,43;80,26;100,0;100,0
2025;6;Dinamarca;Andalucía;Sevilla;;;100,0;100,0
2025;6;Espańa;Andalucía;Sevilla;79,38;61,12;93,33;90,94
2025;6;Estados Unidos de América;Andalucía;Sevilla;87,88;73,93;88,78;76,54
2025;6;Francia;Andalucía;Sevilla;55,4;29,42;60,85;79,52
2025;6;Italia;Andalucía;Sevilla;74,56;53,8;100,0;100,0
2025;6;Noruega;Andalucía;Sevilla;;;100,0;100,0
2025;6;Portugal;Andalucía;Sevilla;78,42;79,89;100,0;100,0
2025;6;Reino Unido;Andalucía;Sevilla;92,61;76,7;93,95;100,0
2025;6;Suecia;Andalucía;Sevilla;;;100,0;100,0
2025;6;Total;Andalucía;Sevilla;81,97;54,87;93,57;91,89
2025;7;Alemania;Andalucía;Sevilla;86,86;77,33;100,0;100,0
2025;7;Dinamarca;Andalucía;Sevilla;73,8;39,3;100,0;100,0
2025;7;Espańa;Andalucía;Sevilla;77,64;36,88;88,81;96,56
2025;7;Estados Unidos de América;Andalucía;Sevilla;100,0;78,75;100,0;100,0
2025;7;Francia;Andalucía;Sevilla;61,5;7,28;100,0;100,0
2025;7;Italia;Andalucía;Sevilla;86,1;65,95;100,0;100,0
2025;7;Noruega;Andalucía;Sevilla;92,96;89,41;100,0;100,0
2025;7;Portugal;Andalucía;Sevilla;83,26;82,2;100,0;100,0
2025;7;Reino Unido;Andalucía;Sevilla;80,94;55,21;81,28;90,21
2025;7;Suecia;Andalucía;Sevilla;90,47;77,33;100,0;100,0
2025;7;Total;Andalucía;Sevilla;82,85;47,18;91,93;94,98
2025;8;Alemania;Andalucía;Sevilla;100,0;79,16;100,0;100,0
2025;8;Dinamarca;Andalucía;Sevilla;87,85;78,59;100,0;100,0
2025;8;Espańa;Andalucía;Sevilla;74,4;45,25;90,82;89,6
2025;8;Estados Unidos de América;Andalucía;Sevilla;80,97;51,64;78,89;100,0
2025;8;Francia;Andalucía;Sevilla;66,12;12,45;100,0;100,0
2025;8;Italia;Andalucía;Sevilla;100,0;75,32;100,0;100,0
2025;8;Noruega;Andalucía;Sevilla;74,87;77,33;100,0;100,0
2025;8;Portugal;Andalucía;Sevilla;88,17;78,59;100,0;100,0
2025;8;Reino Unido;Andalucía;Sevilla;78,31;18,67;100,0;100,0
2025;8;Suecia;Andalucía;Sevilla;75,04;78,59;100,0;100,0
2025;8;Total;Andalucía;Sevilla;83,27;56,33;91,76;92,53
2025;9;Alemania;Andalucía;Sevilla;95,56;81,12;100,0;100,0
2025;9;Dinamarca;Andalucía;Sevilla;;;100,0;100,0
2025;9;Espańa;Andalucía;Sevilla;73,5;50,03;85,94;83,87
2025;9;Estados Unidos de América;Andalucía;Sevilla;76,07;53,96;95,76;73,4
2025;9;Francia;Andalucía;Sevilla;88,65;64,31;100,0;100,0
2025;9;Italia;Andalucía;Sevilla;68,74;20,67;100,0;100,0
2025;9;Noruega;Andalucía;Sevilla;;;100,0;100,0
2025;9;Portugal;Andalucía;Sevilla;;;100,0;100,0
2025;9;Reino Unido;Andalucía;Sevilla;100,0;78,28;95,51;100,0
2025;9;Suecia;Andalucía;Sevilla;;;100,0;100,0
2025;9;Total;Andalucía;Sevilla;82,9;55,72;91,08;91,17
2025;10;Alemania;Andalucía;Sevilla;81,65;79,69;100,0;100,0
2025;10;Dinamarca;Andalucía;Sevilla;90,59;78,59;100,0;100,0
2025;10;Espańa;Andalucía;Sevilla;68,12;51,74;90,19;79,48
2025;10;Estados Unidos de América;Andalucía;Sevilla;86,85;67,03;83,85;100,0
2025;10;Francia;Andalucía;Sevilla;74,71;77,38;60,85;79,52
2025;10;Italia;Andalucía;Sevilla;86,34;77,92;100,0;100,0
2025;10;Noruega;Andalucía;Sevilla;68,17;78,59;100,0;100,0
2025;10;Portugal;Andalucía;Sevilla;48,58;;100,0;100,0
2025;10;Reino Unido;Andalucía;Sevilla;87,64;74,37;90,56;80,24
2025;10;Suecia;Andalucía;Sevilla;;;100,0;100,0
2025;10;Total;Andalucía;Sevilla;76,14;55,32;90,63;82,84
2025;11;Alemania;Andalucía;Sevilla;87,66;78,59;100,0;100,0
2025;11;Dinamarca;Andalucía;Sevilla;;;100,0;100,0
2025;11;Espańa;Andalucía;Sevilla;71,28;57,51;88,65;72,46
2025;11;Estados Unidos de América;Andalucía;Sevilla;79,92;63,83;85,64;100,0
2025;11;Francia;Andalucía;Sevilla;81,58;80,13;100,0;100,0
2025;11;Italia;Andalucía;Sevilla;62,64;35,45;100,0;100,0
2025;11;Noruega;Andalucía;Sevilla;;;100,0;100,0
2025;11;Portugal;Andalucía;Sevilla;;;100,0;100,0
2025;11;Reino Unido;Andalucía;Sevilla;76,67;35,1;100,0;100,0
2025;11;Suecia;Andalucía;Sevilla;93,57;78,59;100,0;100,0
2025;11;Total;Andalucía;Sevilla;81,67;61,4;93,5;78,41
2025;12;Alemania;Andalucía;Sevilla;72,88;78,59;100,0;100,0
2025;12;Dinamarca;Andalucía;Sevilla;89,38;78,59;100,0;100,0
2025;12;Espańa;Andalucía;Sevilla;74,75;47,88;89,17;89,8
2025;12;Estados Unidos de América;Andalucía;Sevilla;91,86;69,28;90,39;100,0
2025;12;Francia;Andalucía;Sevilla;65,62;3,78;100,0;100,0
2025;12;Italia;Andalucía;Sevilla;88,28;78,59;100,0;100,0
2025;12;Noruega;Andalucía;Sevilla;;;100,0;100,0
2025;12;Portugal;Andalucía;Sevilla;;;100,0;100,0
2025;12;Reino Unido;Andalucía;Sevilla;89,11;82,26;92,42;84,14
2025;12;Suecia;Andalucía;Sevilla;90,31;89,41;100,0;100,0
2025;12;Total;Andalucía;Sevilla;90,27;66,02;94,43;89,18
2026;1;Alemania;Andalucía;Sevilla;;;100,0;100,0
2026;1;Dinamarca;Andalucía;Sevilla;;;100,0;100,0
2026;1;Espańa;Andalucía;Sevilla;;;100,0;100,0
2026;1;Estados Unidos de América;Andalucía;Sevilla;100,0;84,0;100,0;100,0
2026;1;Francia;Andalucía;Sevilla;;;100,0;100,0
2026;1;Italia;Andalucía;Sevilla;;;100,0;100,0
2026;1;Noruega;Andalucía;Sevilla;;;100,0;100,0
2026;1;Portugal;Andalucía;Sevilla;;;100,0;100,0
2026;1;Reino Unido;Andalucía;Sevilla;56,52;;100,0;100,0
2026;1;Suecia;Andalucía;Sevilla;;;100,0;100,0
2026;1;Total;Andalucía;Sevilla;69,44;1,65;100,0;100,0
2026;2;Alemania;Andalucía;Sevilla;70,62;67,49;100,0;100,0
2026;2;Dinamarca;Andalucía;Sevilla;;;100,0;100,0
2026;2;Espańa;Andalucía;Sevilla;74,42;56,93;93,74;72,07
2026;2;Estados Unidos de América;Andalucía;Sevilla;89,72;79,99;100,0;100,0
2026;2;Francia;Andalucía;Sevilla;75,22;70,01;100,0;100,0
2026;2;Italia;Andalucía;Sevilla;74,91;56,0;100,0;100,0
2026;2;Noruega;Andalucía;Sevilla;91,24;78,59;100,0;100,0
2026;2;Portugal;Andalucía;Sevilla;85,8;78,59;100,0;100,0
2026;2;Reino Unido;Andalucía;Sevilla;88,84;74,3;100,0;79,71
2026;2;Suecia;Andalucía;Sevilla;;;100,0;100,0
2026;2;Total;Andalucía;Sevilla;79,41;61,53;91,9;73,85
2026;3;Alemania;Andalucía;Sevilla;79,61;84,0;100,0;100,0
2026;3;Dinamarca;Andalucía;Sevilla;83,07;84,0;100,0;100,0
2026;3;Espańa;Andalucía;Sevilla;78,74;60,25;93,2;87,01
2026;3;Estados Unidos de América;Andalucía;Sevilla;76,59;31,18;94,72;88,96
2026;3;Francia;Andalucía;Sevilla;83,67;80,67;100,0;100,0
2026;3;Italia;Andalucía;Sevilla;79,25;18,03;100,0;100,0
2026;3;Noruega;Andalucía;Sevilla;85,67;78,59;100,0;100,0
2026;3;Portugal;Andalucía;Sevilla;86,74;77,33;100,0;100,0
2026;3;Reino Unido;Andalucía;Sevilla;98,08;78,09;94,56;100,0
2026;3;Suecia;Andalucía;Sevilla;;;100,0;100,0
2026;3;Total;Andalucía;Sevilla;82,14;53,34;92,46;90,67
