AŃO;MES;CATEGORIA_ALOJAMIENTO;CCAA;PROVINCIA;PERIODO_ANTELACION;PRECIO_CHECK-IN_ENTRE_SEMANA;PRECIO_CHECK-IN_FIN_SEMANA
2019;1;Hotel 3 Estrellas;Andalucía;Sevilla;1 Mes;58,0;76,0
2019;1;Hotel 4 Estrellas;Andalucía;Sevilla;1 Mes;82,0;99,0
2019;1;Hotel 5 Estrellas;Andalucía;Sevilla;1 Mes;210,0;228,0
2019;1;Hotel 3 Estrellas;Andalucía;Sevilla;1 Semana;59,0;
2019;1;Hotel 4 Estrellas;Andalucía;Sevilla;1 Semana;85,0;
2019;1;Hotel 5 Estrellas;Andalucía;Sevilla;1 Semana;197,0;
2019;1;Hotel 3 Estrellas;Andalucía;Sevilla;2 Semanas;58,0;81,0
2019;1;Hotel 4 Estrellas;Andalucía;Sevilla;2 Semanas;82,0;104,0
2019;1;Hotel 5 Estrellas;Andalucía;Sevilla;2 Semanas;201,0;235,0
2019;1;Hotel 3 Estrellas;Andalucía;Sevilla;3 Meses;57,0;70,0
2019;1;Hotel 4 Estrellas;Andalucía;Sevilla;3 Meses;82,0;93,0
2019;1;Hotel 5 Estrellas;Andalucía;Sevilla;3 Meses;204,0;219,0
2019;2;Hotel 3 Estrellas;Andalucía;Sevilla;1 Mes;63,0;95,0
2019;2;Hotel 4 Estrellas;Andalucía;Sevilla;1 Mes;87,0;122,0
2019;2;Hotel 5 Estrellas;Andalucía;Sevilla;1 Mes;202,0;225,0
2019;2;Hotel 3 Estrellas;Andalucía;Sevilla;1 Semana;67,0;
2019;2;Hotel 4 Estrellas;Andalucía;Sevilla;1 Semana;91,0;
2019;2;Hotel 5 Estrellas;Andalucía;Sevilla;1 Semana;208,0;
2019;2;Hotel 3 Estrellas;Andalucía;Sevilla;2 Semanas;65,0;99,0
2019;2;Hotel 4 Estrellas;Andalucía;Sevilla;2 Semanas;90,0;126,0
2019;2;Hotel 5 Estrellas;Andalucía;Sevilla;2 Semanas;204,0;238,0
2019;2;Hotel 3 Estrellas;Andalucía;Sevilla;3 Meses;62,0;81,0
2019;2;Hotel 4 Estrellas;Andalucía;Sevilla;3 Meses;84,0;105,0
2019;2;Hotel 5 Estrellas;Andalucía;Sevilla;3 Meses;207,0;230,0
2019;3;Hotel 3 Estrellas;Andalucía;Sevilla;1 Mes;84,0;113,0
2019;3;Hotel 4 Estrellas;Andalucía;Sevilla;1 Mes;112,0;133,0
2019;3;Hotel 5 Estrellas;Andalucía;Sevilla;1 Mes;216,0;233,0
2019;3;Hotel 3 Estrellas;Andalucía;Sevilla;1 Semana;89,0;
2019;3;Hotel 4 Estrellas;Andalucía;Sevilla;1 Semana;117,0;
2019;3;Hotel 5 Estrellas;Andalucía;Sevilla;1 Semana;232,0;
2019;3;Hotel 3 Estrellas;Andalucía;Sevilla;2 Semanas;88,0;126,0
2019;3;Hotel 4 Estrellas;Andalucía;Sevilla;2 Semanas;115,0;136,0
2019;3;Hotel 5 Estrellas;Andalucía;Sevilla;2 Semanas;225,0;269,0
2019;3;Hotel 3 Estrellas;Andalucía;Sevilla;3 Meses;76,0;91,0
2019;3;Hotel 4 Estrellas;Andalucía;Sevilla;3 Meses;100,0;117,0
2019;3;Hotel 5 Estrellas;Andalucía;Sevilla;3 Meses;225,0;236,0
2019;4;Hotel 3 Estrellas;Andalucía;Sevilla;1 Mes;129,0;166,0
2019;4;Hotel 4 Estrellas;Andalucía;Sevilla;1 Mes;157,0;197,0
2019;4;Hotel 5 Estrellas;Andalucía;Sevilla;1 Mes;287,0;315,0
2019;4;Hotel 3 Estrellas;Andalucía;Sevilla;1 Semana;126,0;129,0
2019;4;Hotel 4 Estrellas;Andalucía;Sevilla;1 Semana;160,0;150,0
2019;4;Hotel 5 Estrellas;Andalucía;Sevilla;1 Semana;329,0;283,0
2019;4;Hotel 3 Estrellas;Andalucía;Sevilla;2 Semanas;132,0;169,0
2019;4;Hotel 4 Estrellas;Andalucía;Sevilla;2 Semanas;158,0;215,0
2019;4;Hotel 5 Estrellas;Andalucía;Sevilla;2 Semanas;282,0;327,0
2019;4;Hotel 3 Estrellas;Andalucía;Sevilla;3 Meses;113,0;143,0
2019;4;Hotel 4 Estrellas;Andalucía;Sevilla;3 Meses;147,0;181,0
2019;4;Hotel 5 Estrellas;Andalucía;Sevilla;3 Meses;327,0;354,0
2019;5;Hotel 3 Estrellas;Andalucía;Sevilla;1 Mes;126,0;175,0
2019;5;Hotel 4 Estrellas;Andalucía;Sevilla;1 Mes;174,0;222,0
2019;5;Hotel 5 Estrellas;Andalucía;Sevilla;1 Mes;310,0;351,0
2019;5;Hotel 3 Estrellas;Andalucía;Sevilla;1 Semana;113,0;128,0
2019;5;Hotel 4 Estrellas;Andalucía;Sevilla;1 Semana;154,0;165,0
2019;5;Hotel 5 Estrellas;Andalucía;Sevilla;1 Semana;284,0;301,0
2019;5;Hotel 3 Estrellas;Andalucía;Sevilla;2 Semanas;128,0;167,0
2019;5;Hotel 4 Estrellas;Andalucía;Sevilla;2 Semanas;174,0;219,0
2019;5;Hotel 5 Estrellas;Andalucía;Sevilla;2 Semanas;270,0;378,0
2019;5;Hotel 3 Estrellas;Andalucía;Sevilla;3 Meses;120,0;160,0
2019;5;Hotel 4 Estrellas;Andalucía;Sevilla;3 Meses;158,0;203,0
2019;5;Hotel 5 Estrellas;Andalucía;Sevilla;3 Meses;347,0;418,0
2019;6;Hotel 3 Estrellas;Andalucía;Sevilla;1 Mes;96,0;122,0
2019;6;Hotel 4 Estrellas;Andalucía;Sevilla;1 Mes;132,0;157,0
2019;6;Hotel 5 Estrellas;Andalucía;Sevilla;1 Mes;262,0;266,0
2019;6;Hotel 3 Estrellas;Andalucía;Sevilla;1 Semana;88,0;115,0
2019;6;Hotel 4 Estrellas;Andalucía;Sevilla;1 Semana;124,0;138,0
2019;6;Hotel 5 Estrellas;Andalucía;Sevilla;1 Semana;239,0;292,0
2019;6;Hotel 3 Estrellas;Andalucía;Sevilla;2 Semanas;90,0;129,0
2019;6;Hotel 4 Estrellas;Andalucía;Sevilla;2 Semanas;124,0;152,0
2019;6;Hotel 5 Estrellas;Andalucía;Sevilla;2 Semanas;244,0;314,0
2019;6;Hotel 3 Estrellas;Andalucía;Sevilla;3 Meses;82,0;97,0
2019;6;Hotel 4 Estrellas;Andalucía;Sevilla;3 Meses;117,0;133,0
2019;6;Hotel 5 Estrellas;Andalucía;Sevilla;3 Meses;275,0;299,0
2019;7;Hotel 3 Estrellas;Andalucía;Sevilla;1 Mes;57,0;64,0
2019;7;Hotel 4 Estrellas;Andalucía;Sevilla;1 Mes;80,0;86,0
2019;7;Hotel 5 Estrellas;Andalucía;Sevilla;1 Mes;199,0;221,0
2019;7;Hotel 3 Estrellas;Andalucía;Sevilla;1 Semana;57,0;63,0
2019;7;Hotel 4 Estrellas;Andalucía;Sevilla;1 Semana;77,0;83,0
2019;7;Hotel 5 Estrellas;Andalucía;Sevilla;1 Semana;192,0;216,0
2019;7;Hotel 3 Estrellas;Andalucía;Sevilla;2 Semanas;57,0;65,0
2019;7;Hotel 4 Estrellas;Andalucía;Sevilla;2 Semanas;77,0;84,0
2019;7;Hotel 5 Estrellas;Andalucía;Sevilla;2 Semanas;206,0;211,0
2019;7;Hotel 3 Estrellas;Andalucía;Sevilla;3 Meses;64,0;71,0
2019;7;Hotel 4 Estrellas;Andalucía;Sevilla;3 Meses;91,0;96,0
2019;7;Hotel 5 Estrellas;Andalucía;Sevilla;3 Meses;223,0;224,0
2019;8;Hotel 3 Estrellas;Andalucía;Sevilla;1 Mes;55,0;63,0
2019;8;Hotel 4 Estrellas;Andalucía;Sevilla;1 Mes;76,0;79,0
2019;8;Hotel 5 Estrellas;Andalucía;Sevilla;1 Mes;185,0;189,0
2019;8;Hotel 3 Estrellas;Andalucía;Sevilla;1 Semana;56,0;63,0
2019;8;Hotel 4 Estrellas;Andalucía;Sevilla;1 Semana;76,0;78,0
2019;8;Hotel 5 Estrellas;Andalucía;Sevilla;1 Semana;191,0;196,0
2019;8;Hotel 3 Estrellas;Andalucía;Sevilla;2 Semanas;56,0;62,0
2019;8;Hotel 4 Estrellas;Andalucía;Sevilla;2 Semanas;74,0;77,0
2019;8;Hotel 5 Estrellas;Andalucía;Sevilla;2 Semanas;182,0;194,0
2019;8;Hotel 3 Estrellas;Andalucía;Sevilla;3 Meses;69,0;78,0
2019;8;Hotel 4 Estrellas;Andalucía;Sevilla;3 Meses;95,0;103,0
2019;8;Hotel 5 Estrellas;Andalucía;Sevilla;3 Meses;233,0;243,0
2019;9;Hotel 3 Estrellas;Andalucía;Sevilla;1 Mes;110,0;124,0
2019;9;Hotel 4 Estrellas;Andalucía;Sevilla;1 Mes;146,0;176,0
2019;9;Hotel 5 Estrellas;Andalucía;Sevilla;1 Mes;307,0;292,0
2019;9;Hotel 3 Estrellas;Andalucía;Sevilla;1 Semana;111,0;134,0
2019;9;Hotel 4 Estrellas;Andalucía;Sevilla;1 Semana;148,0;171,0
2019;9;Hotel 5 Estrellas;Andalucía;Sevilla;1 Semana;280,0;284,0
2019;9;Hotel 3 Estrellas;Andalucía;Sevilla;2 Semanas;107,0;132,0
2019;9;Hotel 4 Estrellas;Andalucía;Sevilla;2 Semanas;146,0;169,0
2019;9;Hotel 5 Estrellas;Andalucía;Sevilla;2 Semanas;276,0;249,0
2019;9;Hotel 3 Estrellas;Andalucía;Sevilla;3 Meses;96,0;118,0
2019;9;Hotel 4 Estrellas;Andalucía;Sevilla;3 Meses;133,0;160,0
2019;9;Hotel 5 Estrellas;Andalucía;Sevilla;3 Meses;308,0;317,0
2019;10;Hotel 3 Estrellas;Andalucía;Sevilla;1 Mes;108,0;140,0
2019;10;Hotel 4 Estrellas;Andalucía;Sevilla;1 Mes;146,0;182,0
2019;10;Hotel 5 Estrellas;Andalucía;Sevilla;1 Mes;311,0;269,0
2019;10;Hotel 3 Estrellas;Andalucía;Sevilla;1 Semana;110,0;154,0
2019;10;Hotel 4 Estrellas;Andalucía;Sevilla;1 Semana;147,0;180,0
2019;10;Hotel 5 Estrellas;Andalucía;Sevilla;1 Semana;327,0;382,0
2019;10;Hotel 3 Estrellas;Andalucía;Sevilla;2 Semanas;107,0;146,0
2019;10;Hotel 4 Estrellas;Andalucía;Sevilla;2 Semanas;149,0;183,0
2019;10;Hotel 5 Estrellas;Andalucía;Sevilla;2 Semanas;273,0;303,0
2019;10;Hotel 3 Estrellas;Andalucía;Sevilla;3 Meses;100,0;120,0
2019;10;Hotel 4 Estrellas;Andalucía;Sevilla;3 Meses;138,0;160,0
2019;10;Hotel 5 Estrellas;Andalucía;Sevilla;3 Meses;311,0;328,0
2019;11;Hotel 3 Estrellas;Andalucía;Sevilla;1 Mes;74,0;106,0
2019;11;Hotel 4 Estrellas;Andalucía;Sevilla;1 Mes;103,0;124,0
2019;11;Hotel 5 Estrellas;Andalucía;Sevilla;1 Mes;233,0;247,0
2019;11;Hotel 3 Estrellas;Andalucía;Sevilla;1 Semana;78,0;113,0
2019;11;Hotel 4 Estrellas;Andalucía;Sevilla;1 Semana;103,0;133,0
2019;11;Hotel 5 Estrellas;Andalucía;Sevilla;1 Semana;244,0;248,0
2019;11;Hotel 3 Estrellas;Andalucía;Sevilla;2 Semanas;77,0;109,0
2019;11;Hotel 4 Estrellas;Andalucía;Sevilla;2 Semanas;103,0;130,0
2019;11;Hotel 5 Estrellas;Andalucía;Sevilla;2 Semanas;237,0;245,0
2019;11;Hotel 3 Estrellas;Andalucía;Sevilla;3 Meses;68,0;85,0
2019;11;Hotel 4 Estrellas;Andalucía;Sevilla;3 Meses;99,0;115,0
2019;11;Hotel 5 Estrellas;Andalucía;Sevilla;3 Meses;223,0;250,0
2019;12;Hotel 3 Estrellas;Andalucía;Sevilla;1 Mes;60,0;92,0
2019;12;Hotel 4 Estrellas;Andalucía;Sevilla;1 Mes;82,0;114,0
2019;12;Hotel 5 Estrellas;Andalucía;Sevilla;1 Mes;184,0;212,0
2019;12;Hotel 3 Estrellas;Andalucía;Sevilla;1 Semana;63,0;90,0
2019;12;Hotel 4 Estrellas;Andalucía;Sevilla;1 Semana;81,0;111,0
2019;12;Hotel 5 Estrellas;Andalucía;Sevilla;1 Semana;208,0;247,0
2019;12;Hotel 3 Estrellas;Andalucía;Sevilla;2 Semanas;60,0;89,0
2019;12;Hotel 4 Estrellas;Andalucía;Sevilla;2 Semanas;81,0;106,0
2019;12;Hotel 5 Estrellas;Andalucía;Sevilla;2 Semanas;204,0;221,0
2019;12;Hotel 3 Estrellas;Andalucía;Sevilla;3 Meses;64,0;84,0
2019;12;Hotel 4 Estrellas;Andalucía;Sevilla;3 Meses;84,0;103,0
2019;12;Hotel 5 Estrellas;Andalucía;Sevilla;3 Meses;189,0;229,0
2020;1;Hotel 3 Estrellas;Andalucía;Sevilla;1 Mes;59,0;75,0
2020;1;Hotel 4 Estrellas;Andalucía;Sevilla;1 Mes;78,0;95,0
2020;1;Hotel 5 Estrellas;Andalucía;Sevilla;1 Mes;172,0;183,0
2020;1;Hotel 3 Estrellas;Andalucía;Sevilla;1 Semana;59,0;72,0
2020;1;Hotel 4 Estrellas;Andalucía;Sevilla;1 Semana;76,0;91,0
2020;1;Hotel 5 Estrellas;Andalucía;Sevilla;1 Semana;163,0;221,0
2020;1;Hotel 3 Estrellas;Andalucía;Sevilla;2 Semanas;58,0;71,0
2020;1;Hotel 4 Estrellas;Andalucía;Sevilla;2 Semanas;75,0;92,0
2020;1;Hotel 5 Estrellas;Andalucía;Sevilla;2 Semanas;160,0;184,0
2020;1;Hotel 3 Estrellas;Andalucía;Sevilla;3 Meses;59,0;71,0
2020;1;Hotel 4 Estrellas;Andalucía;Sevilla;3 Meses;80,0;89,0
2020;1;Hotel 5 Estrellas;Andalucía;Sevilla;3 Meses;184,0;194,0
2020;2;Hotel 3 Estrellas;Andalucía;Sevilla;1 Mes;61,0;87,0
2020;2;Hotel 4 Estrellas;Andalucía;Sevilla;1 Mes;82,0;110,0
2020;2;Hotel 5 Estrellas;Andalucía;Sevilla;1 Mes;186,0;211,0
2020;2;Hotel 3 Estrellas;Andalucía;Sevilla;1 Semana;61,0;87,0
2020;2;Hotel 4 Estrellas;Andalucía;Sevilla;1 Semana;79,0;119,0
2020;2;Hotel 5 Estrellas;Andalucía;Sevilla;1 Semana;175,0;228,0
2020;2;Hotel 3 Estrellas;Andalucía;Sevilla;2 Semanas;61,0;88,0
2020;2;Hotel 4 Estrellas;Andalucía;Sevilla;2 Semanas;81,0;115,0
2020;2;Hotel 5 Estrellas;Andalucía;Sevilla;2 Semanas;186,0;222,0
2020;2;Hotel 3 Estrellas;Andalucía;Sevilla;3 Meses;62,0;86,0
2020;2;Hotel 4 Estrellas;Andalucía;Sevilla;3 Meses;85,0;107,0
2020;2;Hotel 5 Estrellas;Andalucía;Sevilla;3 Meses;207,0;223,0
2020;3;Hotel 3 Estrellas;Andalucía;Sevilla;1 Mes;84,0;97,0
2020;3;Hotel 4 Estrellas;Andalucía;Sevilla;1 Mes;99,0;129,0
2020;3;Hotel 5 Estrellas;Andalucía;Sevilla;1 Mes;213,0;258,0
2020;3;Hotel 3 Estrellas;Andalucía;Sevilla;1 Semana;64,0;87,0
2020;3;Hotel 4 Estrellas;Andalucía;Sevilla;1 Semana;87,0;122,0
2020;3;Hotel 5 Estrellas;Andalucía;Sevilla;1 Semana;211,0;241,0
2020;3;Hotel 3 Estrellas;Andalucía;Sevilla;2 Semanas;70,0;93,0
2020;3;Hotel 4 Estrellas;Andalucía;Sevilla;2 Semanas;96,0;125,0
2020;3;Hotel 5 Estrellas;Andalucía;Sevilla;2 Semanas;205,0;259,0
2020;3;Hotel 3 Estrellas;Andalucía;Sevilla;3 Meses;77,0;96,0
2020;3;Hotel 4 Estrellas;Andalucía;Sevilla;3 Meses;101,0;120,0
2020;3;Hotel 5 Estrellas;Andalucía;Sevilla;3 Meses;203,0;240,0
2020;4;Hotel 3 Estrellas;Andalucía;Sevilla;1 Mes;101,0;144,0
2020;4;Hotel 4 Estrellas;Andalucía;Sevilla;1 Mes;132,0;189,0
2020;4;Hotel 5 Estrellas;Andalucía;Sevilla;1 Mes;299,0;406,0
2020;4;Hotel 3 Estrellas;Andalucía;Sevilla;1 Semana;113,0;130,0
2020;4;Hotel 4 Estrellas;Andalucía;Sevilla;1 Semana;82,0;107,0
2020;4;Hotel 5 Estrellas;Andalucía;Sevilla;1 Semana;;300,0
2020;4;Hotel 3 Estrellas;Andalucía;Sevilla;2 Semanas;96,0;133,0
2020;4;Hotel 4 Estrellas;Andalucía;Sevilla;2 Semanas;106,0;151,0
2020;4;Hotel 5 Estrellas;Andalucía;Sevilla;2 Semanas;361,0;400,0
2020;4;Hotel 3 Estrellas;Andalucía;Sevilla;3 Meses;109,0;137,0
2020;4;Hotel 4 Estrellas;Andalucía;Sevilla;3 Meses;151,0;191,0
2020;4;Hotel 5 Estrellas;Andalucía;Sevilla;3 Meses;309,0;369,0
2020;5;Hotel 3 Estrellas;Andalucía;Sevilla;1 Mes;99,0;127,0
2020;5;Hotel 4 Estrellas;Andalucía;Sevilla;1 Mes;121,0;161,0
2020;5;Hotel 5 Estrellas;Andalucía;Sevilla;1 Mes;265,0;281,0
2020;5;Hotel 3 Estrellas;Andalucía;Sevilla;1 Semana;81,0;97,0
2020;5;Hotel 4 Estrellas;Andalucía;Sevilla;1 Semana;90,0;93,0
2020;5;Hotel 5 Estrellas;Andalucía;Sevilla;1 Semana;210,0;216,0
2020;5;Hotel 3 Estrellas;Andalucía;Sevilla;2 Semanas;81,0;100,0
2020;5;Hotel 4 Estrellas;Andalucía;Sevilla;2 Semanas;96,0;116,0
2020;5;Hotel 5 Estrellas;Andalucía;Sevilla;2 Semanas;281,0;289,0
2020;5;Hotel 3 Estrellas;Andalucía;Sevilla;3 Meses;98,0;123,0
2020;5;Hotel 4 Estrellas;Andalucía;Sevilla;3 Meses;138,0;168,0
2020;5;Hotel 5 Estrellas;Andalucía;Sevilla;3 Meses;275,0;326,0
2020;6;Hotel 3 Estrellas;Andalucía;Sevilla;1 Mes;77,0;87,0
2020;6;Hotel 4 Estrellas;Andalucía;Sevilla;1 Mes;86,0;96,0
2020;6;Hotel 5 Estrellas;Andalucía;Sevilla;1 Mes;164,0;165,0
2020;6;Hotel 3 Estrellas;Andalucía;Sevilla;1 Semana;71,0;80,0
2020;6;Hotel 4 Estrellas;Andalucía;Sevilla;1 Semana;78,0;83,0
2020;6;Hotel 5 Estrellas;Andalucía;Sevilla;1 Semana;153,0;188,0
2020;6;Hotel 3 Estrellas;Andalucía;Sevilla;2 Semanas;75,0;79,0
2020;6;Hotel 4 Estrellas;Andalucía;Sevilla;2 Semanas;78,0;89,0
2020;6;Hotel 5 Estrellas;Andalucía;Sevilla;2 Semanas;137,0;179,0
2020;6;Hotel 3 Estrellas;Andalucía;Sevilla;3 Meses;83,0;97,0
2020;6;Hotel 4 Estrellas;Andalucía;Sevilla;3 Meses;125,0;147,0
2020;6;Hotel 5 Estrellas;Andalucía;Sevilla;3 Meses;231,0;261,0
2020;7;Hotel 3 Estrellas;Andalucía;Sevilla;1 Mes;65,0;70,0
2020;7;Hotel 4 Estrellas;Andalucía;Sevilla;1 Mes;79,0;84,0
2020;7;Hotel 5 Estrellas;Andalucía;Sevilla;1 Mes;170,0;178,0
2020;7;Hotel 3 Estrellas;Andalucía;Sevilla;1 Semana;66,0;68,0
2020;7;Hotel 4 Estrellas;Andalucía;Sevilla;1 Semana;78,0;83,0
2020;7;Hotel 5 Estrellas;Andalucía;Sevilla;1 Semana;187,0;181,0
2020;7;Hotel 3 Estrellas;Andalucía;Sevilla;2 Semanas;63,0;68,0
2020;7;Hotel 4 Estrellas;Andalucía;Sevilla;2 Semanas;78,0;86,0
2020;7;Hotel 5 Estrellas;Andalucía;Sevilla;2 Semanas;187,0;193,0
2020;7;Hotel 3 Estrellas;Andalucía;Sevilla;3 Meses;65,0;75,0
2020;7;Hotel 4 Estrellas;Andalucía;Sevilla;3 Meses;74,0;82,0
2020;7;Hotel 5 Estrellas;Andalucía;Sevilla;3 Meses;165,0;200,0
2020;8;Hotel 3 Estrellas;Andalucía;Sevilla;1 Mes;70,0;77,0
2020;8;Hotel 4 Estrellas;Andalucía;Sevilla;1 Mes;79,0;84,0
2020;8;Hotel 5 Estrellas;Andalucía;Sevilla;1 Mes;173,0;179,0
2020;8;Hotel 3 Estrellas;Andalucía;Sevilla;1 Semana;75,0;80,0
2020;8;Hotel 4 Estrellas;Andalucía;Sevilla;1 Semana;78,0;83,0
2020;8;Hotel 5 Estrellas;Andalucía;Sevilla;1 Semana;165,0;172,0
2020;8;Hotel 3 Estrellas;Andalucía;Sevilla;2 Semanas;74,0;80,0
2020;8;Hotel 4 Estrellas;Andalucía;Sevilla;2 Semanas;79,0;85,0
2020;8;Hotel 5 Estrellas;Andalucía;Sevilla;2 Semanas;164,0;169,0
2020;8;Hotel 3 Estrellas;Andalucía;Sevilla;3 Meses;72,0;76,0
2020;8;Hotel 4 Estrellas;Andalucía;Sevilla;3 Meses;78,0;84,0
2020;8;Hotel 5 Estrellas;Andalucía;Sevilla;3 Meses;162,0;164,0
2020;9;Hotel 3 Estrellas;Andalucía;Sevilla;1 Mes;85,0;99,0
2020;9;Hotel 4 Estrellas;Andalucía;Sevilla;1 Mes;100,0;115,0
2020;9;Hotel 5 Estrellas;Andalucía;Sevilla;1 Mes;163,0;187,0
2020;9;Hotel 3 Estrellas;Andalucía;Sevilla;1 Semana;74,0;86,0
2020;9;Hotel 4 Estrellas;Andalucía;Sevilla;1 Semana;78,0;90,0
2020;9;Hotel 5 Estrellas;Andalucía;Sevilla;1 Semana;154,0;175,0
2020;9;Hotel 3 Estrellas;Andalucía;Sevilla;2 Semanas;77,0;88,0
2020;9;Hotel 4 Estrellas;Andalucía;Sevilla;2 Semanas;85,0;99,0
2020;9;Hotel 5 Estrellas;Andalucía;Sevilla;2 Semanas;154,0;175,0
2020;9;Hotel 3 Estrellas;Andalucía;Sevilla;3 Meses;97,0;113,0
2020;9;Hotel 4 Estrellas;Andalucía;Sevilla;3 Meses;118,0;137,0
2020;9;Hotel 5 Estrellas;Andalucía;Sevilla;3 Meses;215,0;248,0
2020;10;Hotel 3 Estrellas;Andalucía;Sevilla;1 Mes;80,0;89,0
2020;10;Hotel 4 Estrellas;Andalucía;Sevilla;1 Mes;90,0;103,0
2020;10;Hotel 5 Estrellas;Andalucía;Sevilla;1 Mes;154,0;180,0
2020;10;Hotel 3 Estrellas;Andalucía;Sevilla;1 Semana;74,0;84,0
2020;10;Hotel 4 Estrellas;Andalucía;Sevilla;1 Semana;76,0;89,0
2020;10;Hotel 5 Estrellas;Andalucía;Sevilla;1 Semana;147,0;166,0
2020;10;Hotel 3 Estrellas;Andalucía;Sevilla;2 Semanas;75,0;85,0
2020;10;Hotel 4 Estrellas;Andalucía;Sevilla;2 Semanas;80,0;94,0
2020;10;Hotel 5 Estrellas;Andalucía;Sevilla;2 Semanas;152,0;174,0
2020;10;Hotel 3 Estrellas;Andalucía;Sevilla;3 Meses;92,0;107,0
2020;10;Hotel 4 Estrellas;Andalucía;Sevilla;3 Meses;119,0;137,0
2020;10;Hotel 5 Estrellas;Andalucía;Sevilla;3 Meses;216,0;254,0
2020;11;Hotel 3 Estrellas;Andalucía;Sevilla;1 Mes;69,0;79,0
2020;11;Hotel 4 Estrellas;Andalucía;Sevilla;1 Mes;76,0;85,0
2020;11;Hotel 5 Estrellas;Andalucía;Sevilla;1 Mes;155,0;162,0
2020;11;Hotel 3 Estrellas;Andalucía;Sevilla;1 Semana;67,0;75,0
2020;11;Hotel 4 Estrellas;Andalucía;Sevilla;1 Semana;71,0;77,0
2020;11;Hotel 5 Estrellas;Andalucía;Sevilla;1 Semana;123,0;150,0
2020;11;Hotel 3 Estrellas;Andalucía;Sevilla;2 Semanas;67,0;75,0
2020;11;Hotel 4 Estrellas;Andalucía;Sevilla;2 Semanas;71,0;79,0
2020;11;Hotel 5 Estrellas;Andalucía;Sevilla;2 Semanas;144,0;162,0
2020;11;Hotel 3 Estrellas;Andalucía;Sevilla;3 Meses;79,0;90,0
2020;11;Hotel 4 Estrellas;Andalucía;Sevilla;3 Meses;96,0;112,0
2020;11;Hotel 5 Estrellas;Andalucía;Sevilla;3 Meses;164,0;179,0
2020;12;Hotel 3 Estrellas;Andalucía;Sevilla;1 Mes;72,0;82,0
2020;12;Hotel 4 Estrellas;Andalucía;Sevilla;1 Mes;85,0;93,0
2020;12;Hotel 5 Estrellas;Andalucía;Sevilla;1 Mes;172,0;185,0
2020;12;Hotel 3 Estrellas;Andalucía;Sevilla;1 Semana;69,0;80,0
2020;12;Hotel 4 Estrellas;Andalucía;Sevilla;1 Semana;75,0;84,0
2020;12;Hotel 5 Estrellas;Andalucía;Sevilla;1 Semana;131,0;167,0
2020;12;Hotel 3 Estrellas;Andalucía;Sevilla;2 Semanas;70,0;80,0
2020;12;Hotel 4 Estrellas;Andalucía;Sevilla;2 Semanas;76,0;85,0
2020;12;Hotel 5 Estrellas;Andalucía;Sevilla;2 Semanas;179,0;193,0
2020;12;Hotel 3 Estrellas;Andalucía;Sevilla;3 Meses;80,0;93,0
2020;12;Hotel 4 Estrellas;Andalucía;Sevilla;3 Meses;94,0;103,0
2020;12;Hotel 5 Estrellas;Andalucía;Sevilla;3 Meses;191,0;201,0
2021;1;Hotel 3 Estrellas;Andalucía;Sevilla;1 Mes;68,0;73,0
2021;1;Hotel 4 Estrellas;Andalucía;Sevilla;1 Mes;76,0;80,0
2021;1;Hotel 5 Estrellas;Andalucía;Sevilla;1 Mes;144,0;154,0
2021;1;Hotel 3 Estrellas;Andalucía;Sevilla;1 Semana;66,0;70,0
2021;1;Hotel 4 Estrellas;Andalucía;Sevilla;1 Semana;70,0;74,0
2021;1;Hotel 5 Estrellas;Andalucía;Sevilla;1 Semana;114,0;133,0
2021;1;Hotel 3 Estrellas;Andalucía;Sevilla;2 Semanas;65,0;70,0
2021;1;Hotel 4 Estrellas;Andalucía;Sevilla;2 Semanas;72,0;77,0
2021;1;Hotel 5 Estrellas;Andalucía;Sevilla;2 Semanas;126,0;144,0
2021;1;Hotel 3 Estrellas;Andalucía;Sevilla;3 Meses;72,0;78,0
2021;1;Hotel 4 Estrellas;Andalucía;Sevilla;3 Meses;84,0;89,0
2021;1;Hotel 5 Estrellas;Andalucía;Sevilla;3 Meses;183,0;194,0
2021;2;Hotel 3 Estrellas;Andalucía;Sevilla;1 Mes;66,0;78,0
2021;2;Hotel 4 Estrellas;Andalucía;Sevilla;1 Mes;78,0;89,0
2021;2;Hotel 5 Estrellas;Andalucía;Sevilla;1 Mes;133,0;148,0
2021;2;Hotel 3 Estrellas;Andalucía;Sevilla;1 Semana;65,0;77,0
2021;2;Hotel 4 Estrellas;Andalucía;Sevilla;1 Semana;73,0;76,0
2021;2;Hotel 5 Estrellas;Andalucía;Sevilla;1 Semana;143,0;161,0
2021;2;Hotel 3 Estrellas;Andalucía;Sevilla;2 Semanas;65,0;77,0
2021;2;Hotel 4 Estrellas;Andalucía;Sevilla;2 Semanas;73,0;79,0
2021;2;Hotel 5 Estrellas;Andalucía;Sevilla;2 Semanas;145,0;158,0
2021;2;Hotel 3 Estrellas;Andalucía;Sevilla;3 Meses;71,0;84,0
2021;2;Hotel 4 Estrellas;Andalucía;Sevilla;3 Meses;83,0;104,0
2021;2;Hotel 5 Estrellas;Andalucía;Sevilla;3 Meses;173,0;194,0
2021;3;Hotel 3 Estrellas;Andalucía;Sevilla;1 Mes;76,0;87,0
2021;3;Hotel 4 Estrellas;Andalucía;Sevilla;1 Mes;83,0;100,0
2021;3;Hotel 5 Estrellas;Andalucía;Sevilla;1 Mes;163,0;190,0
2021;3;Hotel 3 Estrellas;Andalucía;Sevilla;1 Semana;73,0;83,0
2021;3;Hotel 4 Estrellas;Andalucía;Sevilla;1 Semana;74,0;84,0
2021;3;Hotel 5 Estrellas;Andalucía;Sevilla;1 Semana;144,0;181,0
2021;3;Hotel 3 Estrellas;Andalucía;Sevilla;2 Semanas;74,0;86,0
2021;3;Hotel 4 Estrellas;Andalucía;Sevilla;2 Semanas;79,0;92,0
2021;3;Hotel 5 Estrellas;Andalucía;Sevilla;2 Semanas;170,0;185,0
2021;3;Hotel 3 Estrellas;Andalucía;Sevilla;3 Meses;83,0;92,0
2021;3;Hotel 4 Estrellas;Andalucía;Sevilla;3 Meses;102,0;113,0
2021;3;Hotel 5 Estrellas;Andalucía;Sevilla;3 Meses;198,0;242,0
2021;4;Hotel 3 Estrellas;Andalucía;Sevilla;1 Mes;83,0;93,0
2021;4;Hotel 4 Estrellas;Andalucía;Sevilla;1 Mes;88,0;104,0
2021;4;Hotel 5 Estrellas;Andalucía;Sevilla;1 Mes;233,0;246,0
2021;4;Hotel 3 Estrellas;Andalucía;Sevilla;1 Semana;77,0;87,0
2021;4;Hotel 4 Estrellas;Andalucía;Sevilla;1 Semana;77,0;94,0
2021;4;Hotel 5 Estrellas;Andalucía;Sevilla;1 Semana;177,0;229,0
2021;4;Hotel 3 Estrellas;Andalucía;Sevilla;2 Semanas;76,0;83,0
2021;4;Hotel 4 Estrellas;Andalucía;Sevilla;2 Semanas;81,0;89,0
2021;4;Hotel 5 Estrellas;Andalucía;Sevilla;2 Semanas;207,0;225,0
2021;4;Hotel 3 Estrellas;Andalucía;Sevilla;3 Meses;101,0;120,0
2021;4;Hotel 4 Estrellas;Andalucía;Sevilla;3 Meses;117,0;148,0
2021;4;Hotel 5 Estrellas;Andalucía;Sevilla;3 Meses;221,0;267,0
2021;5;Hotel 3 Estrellas;Andalucía;Sevilla;1 Mes;82,0;89,0
2021;5;Hotel 4 Estrellas;Andalucía;Sevilla;1 Mes;97,0;107,0
2021;5;Hotel 5 Estrellas;Andalucía;Sevilla;1 Mes;219,0;229,0
2021;5;Hotel 3 Estrellas;Andalucía;Sevilla;1 Semana;78,0;92,0
2021;5;Hotel 4 Estrellas;Andalucía;Sevilla;1 Semana;84,0;99,0
2021;5;Hotel 5 Estrellas;Andalucía;Sevilla;1 Semana;165,0;176,0
2021;5;Hotel 3 Estrellas;Andalucía;Sevilla;2 Semanas;80,0;89,0
2021;5;Hotel 4 Estrellas;Andalucía;Sevilla;2 Semanas;88,0;99,0
2021;5;Hotel 5 Estrellas;Andalucía;Sevilla;2 Semanas;171,0;188,0
2021;5;Hotel 3 Estrellas;Andalucía;Sevilla;3 Meses;93,0;103,0
2021;5;Hotel 4 Estrellas;Andalucía;Sevilla;3 Meses;107,0;122,0
2021;5;Hotel 5 Estrellas;Andalucía;Sevilla;3 Meses;247,0;294,0
2021;6;Hotel 3 Estrellas;Andalucía;Sevilla;1 Mes;85,0;96,0
2021;6;Hotel 4 Estrellas;Andalucía;Sevilla;1 Mes;99,0;118,0
2021;6;Hotel 5 Estrellas;Andalucía;Sevilla;1 Mes;225,0;226,0
2021;6;Hotel 3 Estrellas;Andalucía;Sevilla;1 Semana;81,0;95,0
2021;6;Hotel 4 Estrellas;Andalucía;Sevilla;1 Semana;90,0;112,0
2021;6;Hotel 5 Estrellas;Andalucía;Sevilla;1 Semana;202,0;251,0
2021;6;Hotel 3 Estrellas;Andalucía;Sevilla;2 Semanas;79,0;96,0
2021;6;Hotel 4 Estrellas;Andalucía;Sevilla;2 Semanas;93,0;118,0
2021;6;Hotel 5 Estrellas;Andalucía;Sevilla;2 Semanas;179,0;252,0
2021;6;Hotel 3 Estrellas;Andalucía;Sevilla;3 Meses;80,0;84,0
2021;6;Hotel 4 Estrellas;Andalucía;Sevilla;3 Meses;94,0;100,0
2021;6;Hotel 5 Estrellas;Andalucía;Sevilla;3 Meses;233,0;260,0
2021;7;Hotel 3 Estrellas;Andalucía;Sevilla;1 Mes;73,0;79,0
2021;7;Hotel 4 Estrellas;Andalucía;Sevilla;1 Mes;81,0;89,0
2021;7;Hotel 5 Estrellas;Andalucía;Sevilla;1 Mes;243,0;209,0
2021;7;Hotel 3 Estrellas;Andalucía;Sevilla;1 Semana;80,0;86,0
2021;7;Hotel 4 Estrellas;Andalucía;Sevilla;1 Semana;78,0;90,0
2021;7;Hotel 5 Estrellas;Andalucía;Sevilla;1 Semana;234,0;243,0
2021;7;Hotel 3 Estrellas;Andalucía;Sevilla;2 Semanas;78,0;85,0
2021;7;Hotel 4 Estrellas;Andalucía;Sevilla;2 Semanas;76,0;90,0
2021;7;Hotel 5 Estrellas;Andalucía;Sevilla;2 Semanas;212,0;208,0
2021;7;Hotel 3 Estrellas;Andalucía;Sevilla;3 Meses;72,0;76,0
2021;7;Hotel 4 Estrellas;Andalucía;Sevilla;3 Meses;84,0;89,0
2021;7;Hotel 5 Estrellas;Andalucía;Sevilla;3 Meses;201,0;214,0
2021;8;Hotel 3 Estrellas;Andalucía;Sevilla;1 Mes;89,0;92,0
2021;8;Hotel 4 Estrellas;Andalucía;Sevilla;1 Mes;83,0;95,0
2021;8;Hotel 5 Estrellas;Andalucía;Sevilla;1 Mes;235,0;259,0
2021;8;Hotel 3 Estrellas;Andalucía;Sevilla;1 Semana;90,0;101,0
2021;8;Hotel 4 Estrellas;Andalucía;Sevilla;1 Semana;80,0;94,0
2021;8;Hotel 5 Estrellas;Andalucía;Sevilla;1 Semana;255,0;260,0
2021;8;Hotel 3 Estrellas;Andalucía;Sevilla;2 Semanas;90,0;99,0
2021;8;Hotel 4 Estrellas;Andalucía;Sevilla;2 Semanas;80,0;90,0
2021;8;Hotel 5 Estrellas;Andalucía;Sevilla;2 Semanas;286,0;270,0
2021;8;Hotel 3 Estrellas;Andalucía;Sevilla;3 Meses;75,0;82,0
2021;8;Hotel 4 Estrellas;Andalucía;Sevilla;3 Meses;82,0;91,0
2021;8;Hotel 5 Estrellas;Andalucía;Sevilla;3 Meses;187,0;201,0
2021;9;Hotel 3 Estrellas;Andalucía;Sevilla;1 Mes;100,0;119,0
2021;9;Hotel 4 Estrellas;Andalucía;Sevilla;1 Mes;107,0;130,0
2021;9;Hotel 5 Estrellas;Andalucía;Sevilla;1 Mes;313,0;365,0
2021;9;Hotel 3 Estrellas;Andalucía;Sevilla;1 Semana;97,0;108,0
2021;9;Hotel 4 Estrellas;Andalucía;Sevilla;1 Semana;110,0;132,0
2021;9;Hotel 5 Estrellas;Andalucía;Sevilla;1 Semana;303,0;326,0
2021;9;Hotel 3 Estrellas;Andalucía;Sevilla;2 Semanas;98,0;112,0
2021;9;Hotel 4 Estrellas;Andalucía;Sevilla;2 Semanas;111,0;131,0
2021;9;Hotel 5 Estrellas;Andalucía;Sevilla;2 Semanas;326,0;392,0
2021;9;Hotel 3 Estrellas;Andalucía;Sevilla;3 Meses;88,0;103,0
2021;9;Hotel 4 Estrellas;Andalucía;Sevilla;3 Meses;117,0;132,0
2021;9;Hotel 5 Estrellas;Andalucía;Sevilla;3 Meses;292,0;334,0
2021;10;Hotel 3 Estrellas;Andalucía;Sevilla;1 Mes;93,0;114,0
2021;10;Hotel 4 Estrellas;Andalucía;Sevilla;1 Mes;121,0;142,0
2021;10;Hotel 5 Estrellas;Andalucía;Sevilla;1 Mes;314,0;362,0
2021;10;Hotel 3 Estrellas;Andalucía;Sevilla;1 Semana;106,0;122,0
2021;10;Hotel 4 Estrellas;Andalucía;Sevilla;1 Semana;125,0;155,0
2021;10;Hotel 5 Estrellas;Andalucía;Sevilla;1 Semana;260,0;356,0
2021;10;Hotel 3 Estrellas;Andalucía;Sevilla;2 Semanas;101,0;122,0
2021;10;Hotel 4 Estrellas;Andalucía;Sevilla;2 Semanas;120,0;148,0
2021;10;Hotel 5 Estrellas;Andalucía;Sevilla;2 Semanas;273,0;321,0
2021;10;Hotel 3 Estrellas;Andalucía;Sevilla;3 Meses;109,0;125,0
2021;10;Hotel 4 Estrellas;Andalucía;Sevilla;3 Meses;128,0;144,0
2021;10;Hotel 5 Estrellas;Andalucía;Sevilla;3 Meses;301,0;338,0
2021;11;Hotel 3 Estrellas;Andalucía;Sevilla;1 Mes;88,0;114,0
2021;11;Hotel 4 Estrellas;Andalucía;Sevilla;1 Mes;102,0;136,0
2021;11;Hotel 5 Estrellas;Andalucía;Sevilla;1 Mes;253,0;278,0
2021;11;Hotel 3 Estrellas;Andalucía;Sevilla;1 Semana;87,0;125,0
2021;11;Hotel 4 Estrellas;Andalucía;Sevilla;1 Semana;106,0;156,0
2021;11;Hotel 5 Estrellas;Andalucía;Sevilla;1 Semana;283,0;410,0
2021;11;Hotel 3 Estrellas;Andalucía;Sevilla;2 Semanas;84,0;106,0
2021;11;Hotel 4 Estrellas;Andalucía;Sevilla;2 Semanas;104,0;154,0
2021;11;Hotel 5 Estrellas;Andalucía;Sevilla;2 Semanas;260,0;323,0
2021;11;Hotel 3 Estrellas;Andalucía;Sevilla;3 Meses;86,0;101,0
2021;11;Hotel 4 Estrellas;Andalucía;Sevilla;3 Meses;95,0;114,0
2021;11;Hotel 5 Estrellas;Andalucía;Sevilla;3 Meses;259,0;277,0
2021;12;Hotel 3 Estrellas;Andalucía;Sevilla;1 Mes;94,0;105,0
2021;12;Hotel 4 Estrellas;Andalucía;Sevilla;1 Mes;108,0;121,0
2021;12;Hotel 5 Estrellas;Andalucía;Sevilla;1 Mes;283,0;278,0
2021;12;Hotel 3 Estrellas;Andalucía;Sevilla;1 Semana;95,0;109,0
2021;12;Hotel 4 Estrellas;Andalucía;Sevilla;1 Semana;106,0;124,0
2021;12;Hotel 5 Estrellas;Andalucía;Sevilla;1 Semana;264,0;293,0
2021;12;Hotel 3 Estrellas;Andalucía;Sevilla;2 Semanas;94,0;110,0
2021;12;Hotel 4 Estrellas;Andalucía;Sevilla;2 Semanas;108,0;121,0
2021;12;Hotel 5 Estrellas;Andalucía;Sevilla;2 Semanas;309,0;309,0
2021;12;Hotel 3 Estrellas;Andalucía;Sevilla;3 Meses;83,0;92,0
2021;12;Hotel 4 Estrellas;Andalucía;Sevilla;3 Meses;101,0;110,0
2021;12;Hotel 5 Estrellas;Andalucía;Sevilla;3 Meses;254,0;272,0
2022;1;Hotel 3 Estrellas;Andalucía;Sevilla;1 Mes;77,0;87,0
2022;1;Hotel 4 Estrellas;Andalucía;Sevilla;1 Mes;89,0;101,0
2022;1;Hotel 5 Estrellas;Andalucía;Sevilla;1 Mes;245,0;237,0
2022;1;Hotel 3 Estrellas;Andalucía;Sevilla;1 Semana;77,0;91,0
2022;1;Hotel 4 Estrellas;Andalucía;Sevilla;1 Semana;85,0;99,0
2022;1;Hotel 5 Estrellas;Andalucía;Sevilla;1 Semana;252,0;256,0
2022;1;Hotel 3 Estrellas;Andalucía;Sevilla;2 Semanas;78,0;86,0
2022;1;Hotel 4 Estrellas;Andalucía;Sevilla;2 Semanas;87,0;99,0
2022;1;Hotel 5 Estrellas;Andalucía;Sevilla;2 Semanas;228,0;244,0
2022;1;Hotel 3 Estrellas;Andalucía;Sevilla;3 Meses;82,0;88,0
2022;1;Hotel 4 Estrellas;Andalucía;Sevilla;3 Meses;95,0;102,0
2022;1;Hotel 5 Estrellas;Andalucía;Sevilla;3 Meses;231,0;229,0
2022;2;Hotel 3 Estrellas;Andalucía;Sevilla;1 Mes;83,0;112,0
2022;2;Hotel 4 Estrellas;Andalucía;Sevilla;1 Mes;89,0;132,0
2022;2;Hotel 5 Estrellas;Andalucía;Sevilla;1 Mes;235,0;272,0
2022;2;Hotel 3 Estrellas;Andalucía;Sevilla;1 Semana;77,0;94,0
2022;2;Hotel 4 Estrellas;Andalucía;Sevilla;1 Semana;86,0;119,0
2022;2;Hotel 5 Estrellas;Andalucía;Sevilla;1 Semana;280,0;316,0
2022;2;Hotel 3 Estrellas;Andalucía;Sevilla;2 Semanas;76,0;105,0
2022;2;Hotel 4 Estrellas;Andalucía;Sevilla;2 Semanas;86,0;117,0
2022;2;Hotel 5 Estrellas;Andalucía;Sevilla;2 Semanas;227,0;275,0
2022;2;Hotel 3 Estrellas;Andalucía;Sevilla;3 Meses;83,0;99,0
2022;2;Hotel 4 Estrellas;Andalucía;Sevilla;3 Meses;91,0;122,0
2022;2;Hotel 5 Estrellas;Andalucía;Sevilla;3 Meses;256,0;280,0
2022;3;Hotel 3 Estrellas;Andalucía;Sevilla;1 Mes;84,0;106,0
2022;3;Hotel 4 Estrellas;Andalucía;Sevilla;1 Mes;95,0;134,0
2022;3;Hotel 5 Estrellas;Andalucía;Sevilla;1 Mes;291,0;313,0
2022;3;Hotel 3 Estrellas;Andalucía;Sevilla;1 Semana;96,0;101,0
2022;3;Hotel 4 Estrellas;Andalucía;Sevilla;1 Semana;124,0;166,0
2022;3;Hotel 5 Estrellas;Andalucía;Sevilla;1 Semana;182,0;243,0
2022;3;Hotel 3 Estrellas;Andalucía;Sevilla;2 Semanas;91,0;113,0
2022;3;Hotel 4 Estrellas;Andalucía;Sevilla;2 Semanas;108,0;141,0
2022;3;Hotel 5 Estrellas;Andalucía;Sevilla;2 Semanas;227,0;260,0
2022;3;Hotel 3 Estrellas;Andalucía;Sevilla;3 Meses;89,0;101,0
2022;3;Hotel 4 Estrellas;Andalucía;Sevilla;3 Meses;111,0;134,0
2022;3;Hotel 5 Estrellas;Andalucía;Sevilla;3 Meses;285,0;288,0
2022;4;Hotel 3 Estrellas;Andalucía;Sevilla;1 Mes;115,0;144,0
2022;4;Hotel 4 Estrellas;Andalucía;Sevilla;1 Mes;149,0;233,0
2022;4;Hotel 5 Estrellas;Andalucía;Sevilla;1 Mes;287,0;321,0
2022;4;Hotel 3 Estrellas;Andalucía;Sevilla;1 Semana;118,0;150,0
2022;4;Hotel 4 Estrellas;Andalucía;Sevilla;1 Semana;142,0;160,0
2022;4;Hotel 5 Estrellas;Andalucía;Sevilla;1 Semana;369,0;395,0
2022;4;Hotel 3 Estrellas;Andalucía;Sevilla;2 Semanas;122,0;141,0
2022;4;Hotel 4 Estrellas;Andalucía;Sevilla;2 Semanas;151,0;181,0
2022;4;Hotel 5 Estrellas;Andalucía;Sevilla;2 Semanas;364,0;370,0
2022;4;Hotel 3 Estrellas;Andalucía;Sevilla;3 Meses;116,0;155,0
2022;4;Hotel 4 Estrellas;Andalucía;Sevilla;3 Meses;144,0;167,0
2022;4;Hotel 5 Estrellas;Andalucía;Sevilla;3 Meses;309,0;447,0
2022;5;Hotel 3 Estrellas;Andalucía;Sevilla;1 Mes;129,0;134,0
2022;5;Hotel 4 Estrellas;Andalucía;Sevilla;1 Mes;196,0;183,0
2022;5;Hotel 5 Estrellas;Andalucía;Sevilla;1 Mes;395,0;369,0
2022;5;Hotel 3 Estrellas;Andalucía;Sevilla;1 Semana;137,0;132,0
2022;5;Hotel 4 Estrellas;Andalucía;Sevilla;1 Semana;191,0;164,0
2022;5;Hotel 5 Estrellas;Andalucía;Sevilla;1 Semana;407,0;389,0
2022;5;Hotel 3 Estrellas;Andalucía;Sevilla;2 Semanas;125,0;136,0
2022;5;Hotel 4 Estrellas;Andalucía;Sevilla;2 Semanas;187,0;178,0
2022;5;Hotel 5 Estrellas;Andalucía;Sevilla;2 Semanas;398,0;411,0
2022;5;Hotel 3 Estrellas;Andalucía;Sevilla;3 Meses;107,0;145,0
2022;5;Hotel 4 Estrellas;Andalucía;Sevilla;3 Meses;146,0;176,0
2022;5;Hotel 5 Estrellas;Andalucía;Sevilla;3 Meses;368,0;374,0
2022;6;Hotel 3 Estrellas;Andalucía;Sevilla;1 Mes;110,0;119,0
2022;6;Hotel 4 Estrellas;Andalucía;Sevilla;1 Mes;134,0;145,0
2022;6;Hotel 5 Estrellas;Andalucía;Sevilla;1 Mes;313,0;321,0
2022;6;Hotel 3 Estrellas;Andalucía;Sevilla;1 Semana;108,0;124,0
2022;6;Hotel 4 Estrellas;Andalucía;Sevilla;1 Semana;132,0;147,0
2022;6;Hotel 5 Estrellas;Andalucía;Sevilla;1 Semana;286,0;297,0
2022;6;Hotel 3 Estrellas;Andalucía;Sevilla;2 Semanas;108,0;122,0
2022;6;Hotel 4 Estrellas;Andalucía;Sevilla;2 Semanas;135,0;149,0
2022;6;Hotel 5 Estrellas;Andalucía;Sevilla;2 Semanas;292,0;321,0
2022;6;Hotel 3 Estrellas;Andalucía;Sevilla;3 Meses;102,0;112,0
2022;6;Hotel 4 Estrellas;Andalucía;Sevilla;3 Meses;134,0;136,0
2022;6;Hotel 5 Estrellas;Andalucía;Sevilla;3 Meses;286,0;292,0
2022;7;Hotel 3 Estrellas;Andalucía;Sevilla;1 Mes;87,0;94,0
2022;7;Hotel 4 Estrellas;Andalucía;Sevilla;1 Mes;92,0;105,0
2022;7;Hotel 5 Estrellas;Andalucía;Sevilla;1 Mes;220,0;255,0
2022;7;Hotel 3 Estrellas;Andalucía;Sevilla;1 Semana;85,0;90,0
2022;7;Hotel 4 Estrellas;Andalucía;Sevilla;1 Semana;90,0;101,0
2022;7;Hotel 5 Estrellas;Andalucía;Sevilla;1 Semana;228,0;230,0
2022;7;Hotel 3 Estrellas;Andalucía;Sevilla;2 Semanas;87,0;92,0
2022;7;Hotel 4 Estrellas;Andalucía;Sevilla;2 Semanas;90,0;102,0
2022;7;Hotel 5 Estrellas;Andalucía;Sevilla;2 Semanas;205,0;243,0
2022;7;Hotel 3 Estrellas;Andalucía;Sevilla;3 Meses;87,0;93,0
2022;7;Hotel 4 Estrellas;Andalucía;Sevilla;3 Meses;92,0;102,0
2022;7;Hotel 5 Estrellas;Andalucía;Sevilla;3 Meses;234,0;253,0
2022;8;Hotel 3 Estrellas;Andalucía;Sevilla;1 Mes;85,0;94,0
2022;8;Hotel 4 Estrellas;Andalucía;Sevilla;1 Mes;88,0;103,0
2022;8;Hotel 5 Estrellas;Andalucía;Sevilla;1 Mes;219,0;246,0
2022;8;Hotel 3 Estrellas;Andalucía;Sevilla;1 Semana;84,0;94,0
2022;8;Hotel 4 Estrellas;Andalucía;Sevilla;1 Semana;89,0;101,0
2022;8;Hotel 5 Estrellas;Andalucía;Sevilla;1 Semana;228,0;255,0
2022;8;Hotel 3 Estrellas;Andalucía;Sevilla;2 Semanas;84,0;95,0
2022;8;Hotel 4 Estrellas;Andalucía;Sevilla;2 Semanas;88,0;101,0
2022;8;Hotel 5 Estrellas;Andalucía;Sevilla;2 Semanas;223,0;242,0
2022;8;Hotel 3 Estrellas;Andalucía;Sevilla;3 Meses;87,0;98,0
2022;8;Hotel 4 Estrellas;Andalucía;Sevilla;3 Meses;92,0;107,0
2022;8;Hotel 5 Estrellas;Andalucía;Sevilla;3 Meses;238,0;253,0
2022;9;Hotel 3 Estrellas;Andalucía;Sevilla;1 Mes;113,0;130,0
2022;9;Hotel 4 Estrellas;Andalucía;Sevilla;1 Mes;148,0;165,0
2022;9;Hotel 5 Estrellas;Andalucía;Sevilla;1 Mes;363,0;379,0
2022;9;Hotel 3 Estrellas;Andalucía;Sevilla;1 Semana;117,0;127,0
2022;9;Hotel 4 Estrellas;Andalucía;Sevilla;1 Semana;149,0;162,0
2022;9;Hotel 5 Estrellas;Andalucía;Sevilla;1 Semana;348,0;368,0
2022;9;Hotel 3 Estrellas;Andalucía;Sevilla;2 Semanas;116,0;128,0
2022;9;Hotel 4 Estrellas;Andalucía;Sevilla;2 Semanas;151,0;165,0
2022;9;Hotel 5 Estrellas;Andalucía;Sevilla;2 Semanas;350,0;384,0
2022;9;Hotel 3 Estrellas;Andalucía;Sevilla;3 Meses;116,0;129,0
2022;9;Hotel 4 Estrellas;Andalucía;Sevilla;3 Meses;148,0;164,0
2022;9;Hotel 5 Estrellas;Andalucía;Sevilla;3 Meses;372,0;365,0
2022;10;Hotel 3 Estrellas;Andalucía;Sevilla;1 Mes;116,0;137,0
2022;10;Hotel 4 Estrellas;Andalucía;Sevilla;1 Mes;145,0;164,0
2022;10;Hotel 5 Estrellas;Andalucía;Sevilla;1 Mes;326,0;377,0
2022;10;Hotel 3 Estrellas;Andalucía;Sevilla;1 Semana;121,0;146,0
2022;10;Hotel 4 Estrellas;Andalucía;Sevilla;1 Semana;150,0;178,0
2022;10;Hotel 5 Estrellas;Andalucía;Sevilla;1 Semana;341,0;366,0
2022;10;Hotel 3 Estrellas;Andalucía;Sevilla;2 Semanas;118,0;140,0
2022;10;Hotel 4 Estrellas;Andalucía;Sevilla;2 Semanas;148,0;172,0
2022;10;Hotel 5 Estrellas;Andalucía;Sevilla;2 Semanas;318,0;348,0
2022;10;Hotel 3 Estrellas;Andalucía;Sevilla;3 Meses;113,0;129,0
2022;10;Hotel 4 Estrellas;Andalucía;Sevilla;3 Meses;141,0;157,0
2022;10;Hotel 5 Estrellas;Andalucía;Sevilla;3 Meses;315,0;363,0
2022;11;Hotel 3 Estrellas;Andalucía;Sevilla;1 Mes;94,0;124,0
2022;11;Hotel 4 Estrellas;Andalucía;Sevilla;1 Mes;113,0;142,0
2022;11;Hotel 5 Estrellas;Andalucía;Sevilla;1 Mes;253,0;296,0
2022;11;Hotel 3 Estrellas;Andalucía;Sevilla;1 Semana;95,0;133,0
2022;11;Hotel 4 Estrellas;Andalucía;Sevilla;1 Semana;122,0;150,0
2022;11;Hotel 5 Estrellas;Andalucía;Sevilla;1 Semana;274,0;281,0
2022;11;Hotel 3 Estrellas;Andalucía;Sevilla;2 Semanas;94,0;130,0
2022;11;Hotel 4 Estrellas;Andalucía;Sevilla;2 Semanas;118,0;147,0
2022;11;Hotel 5 Estrellas;Andalucía;Sevilla;2 Semanas;262,0;302,0
2022;11;Hotel 3 Estrellas;Andalucía;Sevilla;3 Meses;90,0;109,0
2022;11;Hotel 4 Estrellas;Andalucía;Sevilla;3 Meses;109,0;128,0
2022;11;Hotel 5 Estrellas;Andalucía;Sevilla;3 Meses;257,0;269,0
2022;12;Hotel 3 Estrellas;Andalucía;Sevilla;1 Mes;101,0;117,0
2022;12;Hotel 4 Estrellas;Andalucía;Sevilla;1 Mes;115,0;132,0
2022;12;Hotel 5 Estrellas;Andalucía;Sevilla;1 Mes;264,0;323,0
2022;12;Hotel 3 Estrellas;Andalucía;Sevilla;1 Semana;98,0;117,0
2022;12;Hotel 4 Estrellas;Andalucía;Sevilla;1 Semana;113,0;136,0
2022;12;Hotel 5 Estrellas;Andalucía;Sevilla;1 Semana;254,0;301,0
2022;12;Hotel 3 Estrellas;Andalucía;Sevilla;2 Semanas;101,0;122,0
2022;12;Hotel 4 Estrellas;Andalucía;Sevilla;2 Semanas;114,0;139,0
2022;12;Hotel 5 Estrellas;Andalucía;Sevilla;2 Semanas;258,0;301,0
2022;12;Hotel 3 Estrellas;Andalucía;Sevilla;3 Meses;99,0;113,0
2022;12;Hotel 4 Estrellas;Andalucía;Sevilla;3 Meses;113,0;133,0
2022;12;Hotel 5 Estrellas;Andalucía;Sevilla;3 Meses;272,0;292,0
2023;1;Hotel 3 Estrellas;Andalucía;Sevilla;1 Mes;85,0;100,0
2023;1;Hotel 4 Estrellas;Andalucía;Sevilla;1 Mes;96,0;113,0
2023;1;Hotel 5 Estrellas;Andalucía;Sevilla;1 Mes;231,0;244,0
2023;1;Hotel 3 Estrellas;Andalucía;Sevilla;1 Semana;85,0;104,0
2023;1;Hotel 4 Estrellas;Andalucía;Sevilla;1 Semana;94,0;118,0
2023;1;Hotel 5 Estrellas;Andalucía;Sevilla;1 Semana;221,0;244,0
2023;1;Hotel 3 Estrellas;Andalucía;Sevilla;2 Semanas;85,0;102,0
2023;1;Hotel 4 Estrellas;Andalucía;Sevilla;2 Semanas;94,0;116,0
2023;1;Hotel 5 Estrellas;Andalucía;Sevilla;2 Semanas;237,0;247,0
2023;1;Hotel 3 Estrellas;Andalucía;Sevilla;3 Meses;84,0;97,0
2023;1;Hotel 4 Estrellas;Andalucía;Sevilla;3 Meses;95,0;108,0
2023;1;Hotel 5 Estrellas;Andalucía;Sevilla;3 Meses;243,0;240,0
2023;2;Hotel 3 Estrellas;Andalucía;Sevilla;1 Mes;91,0;121,0
2023;2;Hotel 4 Estrellas;Andalucía;Sevilla;1 Mes;101,0;148,0
2023;2;Hotel 5 Estrellas;Andalucía;Sevilla;1 Mes;241,0;319,0
2023;2;Hotel 3 Estrellas;Andalucía;Sevilla;1 Semana;93,0;128,0
2023;2;Hotel 4 Estrellas;Andalucía;Sevilla;1 Semana;106,0;158,0
2023;2;Hotel 5 Estrellas;Andalucía;Sevilla;1 Semana;284,0;333,0
2023;2;Hotel 3 Estrellas;Andalucía;Sevilla;2 Semanas;92,0;124,0
2023;2;Hotel 4 Estrellas;Andalucía;Sevilla;2 Semanas;104,0;154,0
2023;2;Hotel 5 Estrellas;Andalucía;Sevilla;2 Semanas;265,0;348,0
2023;2;Hotel 3 Estrellas;Andalucía;Sevilla;3 Meses;89,0;113,0
2023;2;Hotel 4 Estrellas;Andalucía;Sevilla;3 Meses;101,0;140,0
2023;2;Hotel 5 Estrellas;Andalucía;Sevilla;3 Meses;242,0;278,0
2023;3;Hotel 3 Estrellas;Andalucía;Sevilla;1 Mes;107,0;134,0
2023;3;Hotel 4 Estrellas;Andalucía;Sevilla;1 Mes;129,0;159,0
2023;3;Hotel 5 Estrellas;Andalucía;Sevilla;1 Mes;329,0;342,0
2023;3;Hotel 3 Estrellas;Andalucía;Sevilla;1 Semana;109,0;139,0
2023;3;Hotel 4 Estrellas;Andalucía;Sevilla;1 Semana;138,0;163,0
2023;3;Hotel 5 Estrellas;Andalucía;Sevilla;1 Semana;358,0;370,0
2023;3;Hotel 3 Estrellas;Andalucía;Sevilla;2 Semanas;109,0;140,0
2023;3;Hotel 4 Estrellas;Andalucía;Sevilla;2 Semanas;134,0;159,0
2023;3;Hotel 5 Estrellas;Andalucía;Sevilla;2 Semanas;327,0;345,0
2023;3;Hotel 3 Estrellas;Andalucía;Sevilla;3 Meses;101,0;124,0
2023;3;Hotel 4 Estrellas;Andalucía;Sevilla;3 Meses;117,0;144,0
2023;3;Hotel 5 Estrellas;Andalucía;Sevilla;3 Meses;267,0;289,0
2023;4;Hotel 3 Estrellas;Andalucía;Sevilla;1 Mes;130,0;161,0
2023;4;Hotel 4 Estrellas;Andalucía;Sevilla;1 Mes;170,0;217,0
2023;4;Hotel 5 Estrellas;Andalucía;Sevilla;1 Mes;324,0;399,0
2023;4;Hotel 3 Estrellas;Andalucía;Sevilla;1 Semana;136,0;162,0
2023;4;Hotel 4 Estrellas;Andalucía;Sevilla;1 Semana;167,0;197,0
2023;4;Hotel 5 Estrellas;Andalucía;Sevilla;1 Semana;374,0;345,0
2023;4;Hotel 3 Estrellas;Andalucía;Sevilla;2 Semanas;130,0;182,0
2023;4;Hotel 4 Estrellas;Andalucía;Sevilla;2 Semanas;168,0;194,0
2023;4;Hotel 5 Estrellas;Andalucía;Sevilla;2 Semanas;387,0;400,0
2023;4;Hotel 3 Estrellas;Andalucía;Sevilla;3 Meses;127,0;147,0
2023;4;Hotel 4 Estrellas;Andalucía;Sevilla;3 Meses;157,0;193,0
2023;4;Hotel 5 Estrellas;Andalucía;Sevilla;3 Meses;336,0;370,0
2023;5;Hotel 3 Estrellas;Andalucía;Sevilla;1 Mes;135,0;161,0
2023;5;Hotel 4 Estrellas;Andalucía;Sevilla;1 Mes;171,0;212,0
2023;5;Hotel 5 Estrellas;Andalucía;Sevilla;1 Mes;374,0;361,0
2023;5;Hotel 3 Estrellas;Andalucía;Sevilla;1 Semana;135,0;170,0
2023;5;Hotel 4 Estrellas;Andalucía;Sevilla;1 Semana;169,0;197,0
2023;5;Hotel 5 Estrellas;Andalucía;Sevilla;1 Semana;337,0;334,0
2023;5;Hotel 3 Estrellas;Andalucía;Sevilla;2 Semanas;134,0;165,0
2023;5;Hotel 4 Estrellas;Andalucía;Sevilla;2 Semanas;169,0;195,0
2023;5;Hotel 5 Estrellas;Andalucía;Sevilla;2 Semanas;356,0;351,0
2023;5;Hotel 3 Estrellas;Andalucía;Sevilla;3 Meses;131,0;159,0
2023;5;Hotel 4 Estrellas;Andalucía;Sevilla;3 Meses;166,0;183,0
2023;5;Hotel 5 Estrellas;Andalucía;Sevilla;3 Meses;371,0;401,0
2023;6;Hotel 3 Estrellas;Andalucía;Sevilla;1 Mes;114,0;136,0
2023;6;Hotel 4 Estrellas;Andalucía;Sevilla;1 Mes;140,0;159,0
2023;6;Hotel 5 Estrellas;Andalucía;Sevilla;1 Mes;309,0;332,0
2023;6;Hotel 3 Estrellas;Andalucía;Sevilla;1 Semana;111,0;130,0
2023;6;Hotel 4 Estrellas;Andalucía;Sevilla;1 Semana;134,0;156,0
2023;6;Hotel 5 Estrellas;Andalucía;Sevilla;1 Semana;273,0;354,0
2023;6;Hotel 3 Estrellas;Andalucía;Sevilla;2 Semanas;113,0;134,0
2023;6;Hotel 4 Estrellas;Andalucía;Sevilla;2 Semanas;137,0;158,0
2023;6;Hotel 5 Estrellas;Andalucía;Sevilla;2 Semanas;305,0;333,0
2023;6;Hotel 3 Estrellas;Andalucía;Sevilla;3 Meses;110,0;130,0
2023;6;Hotel 4 Estrellas;Andalucía;Sevilla;3 Meses;140,0;155,0
2023;6;Hotel 5 Estrellas;Andalucía;Sevilla;3 Meses;329,0;367,0
2023;7;Hotel 3 Estrellas;Andalucía;Sevilla;1 Mes;93,0;101,0
2023;7;Hotel 4 Estrellas;Andalucía;Sevilla;1 Mes;99,0;112,0
2023;7;Hotel 5 Estrellas;Andalucía;Sevilla;1 Mes;240,0;252,0
2023;7;Hotel 3 Estrellas;Andalucía;Sevilla;1 Semana;89,0;96,0
2023;7;Hotel 4 Estrellas;Andalucía;Sevilla;1 Semana;94,0;104,0
2023;7;Hotel 5 Estrellas;Andalucía;Sevilla;1 Semana;236,0;248,0
2023;7;Hotel 3 Estrellas;Andalucía;Sevilla;2 Semanas;91,0;98,0
2023;7;Hotel 4 Estrellas;Andalucía;Sevilla;2 Semanas;94,0;107,0
2023;7;Hotel 5 Estrellas;Andalucía;Sevilla;2 Semanas;244,0;243,0
2023;7;Hotel 3 Estrellas;Andalucía;Sevilla;3 Meses;91,0;99,0
2023;7;Hotel 4 Estrellas;Andalucía;Sevilla;3 Meses;100,0;110,0
2023;7;Hotel 5 Estrellas;Andalucía;Sevilla;3 Meses;255,0;262,0
2023;8;Hotel 3 Estrellas;Andalucía;Sevilla;1 Mes;91,0;101,0
2023;8;Hotel 4 Estrellas;Andalucía;Sevilla;1 Mes;92,0;111,0
2023;8;Hotel 5 Estrellas;Andalucía;Sevilla;1 Mes;218,0;258,0
2023;8;Hotel 3 Estrellas;Andalucía;Sevilla;1 Semana;89,0;99,0
2023;8;Hotel 4 Estrellas;Andalucía;Sevilla;1 Semana;93,0;108,0
2023;8;Hotel 5 Estrellas;Andalucía;Sevilla;1 Semana;222,0;256,0
2023;8;Hotel 3 Estrellas;Andalucía;Sevilla;2 Semanas;89,0;100,0
2023;8;Hotel 4 Estrellas;Andalucía;Sevilla;2 Semanas;92,0;109,0
2023;8;Hotel 5 Estrellas;Andalucía;Sevilla;2 Semanas;229,0;232,0
2023;8;Hotel 3 Estrellas;Andalucía;Sevilla;3 Meses;97,0;107,0
2023;8;Hotel 4 Estrellas;Andalucía;Sevilla;3 Meses;100,0;119,0
2023;8;Hotel 5 Estrellas;Andalucía;Sevilla;3 Meses;241,0;276,0
2023;9;Hotel 3 Estrellas;Andalucía;Sevilla;1 Mes;122,0;140,0
2023;9;Hotel 4 Estrellas;Andalucía;Sevilla;1 Mes;159,0;181,0
2023;9;Hotel 5 Estrellas;Andalucía;Sevilla;1 Mes;348,0;391,0
2023;9;Hotel 3 Estrellas;Andalucía;Sevilla;1 Semana;127,0;139,0
2023;9;Hotel 4 Estrellas;Andalucía;Sevilla;1 Semana;163,0;178,0
2023;9;Hotel 5 Estrellas;Andalucía;Sevilla;1 Semana;345,0;397,0
2023;9;Hotel 3 Estrellas;Andalucía;Sevilla;2 Semanas;125,0;133,0
2023;9;Hotel 4 Estrellas;Andalucía;Sevilla;2 Semanas;161,0;174,0
2023;9;Hotel 5 Estrellas;Andalucía;Sevilla;2 Semanas;356,0;387,0
2023;9;Hotel 3 Estrellas;Andalucía;Sevilla;3 Meses;124,0;141,0
2023;9;Hotel 4 Estrellas;Andalucía;Sevilla;3 Meses;156,0;177,0
2023;9;Hotel 5 Estrellas;Andalucía;Sevilla;3 Meses;341,0;376,0
2023;10;Hotel 3 Estrellas;Andalucía;Sevilla;1 Mes;125,0;142,0
2023;10;Hotel 4 Estrellas;Andalucía;Sevilla;1 Mes;166,0;193,0
2023;10;Hotel 5 Estrellas;Andalucía;Sevilla;1 Mes;393,0;403,0
2023;10;Hotel 3 Estrellas;Andalucía;Sevilla;1 Semana;131,0;144,0
2023;10;Hotel 4 Estrellas;Andalucía;Sevilla;1 Semana;177,0;190,0
2023;10;Hotel 5 Estrellas;Andalucía;Sevilla;1 Semana;417,0;428,0
2023;10;Hotel 3 Estrellas;Andalucía;Sevilla;2 Semanas;129,0;139,0
2023;10;Hotel 4 Estrellas;Andalucía;Sevilla;2 Semanas;165,0;194,0
2023;10;Hotel 5 Estrellas;Andalucía;Sevilla;2 Semanas;387,0;414,0
2023;10;Hotel 3 Estrellas;Andalucía;Sevilla;3 Meses;126,0;141,0
2023;10;Hotel 4 Estrellas;Andalucía;Sevilla;3 Meses;158,0;181,0
2023;10;Hotel 5 Estrellas;Andalucía;Sevilla;3 Meses;376,0;377,0
2023;11;Hotel 3 Estrellas;Andalucía;Sevilla;1 Mes;109,0;131,0
2023;11;Hotel 4 Estrellas;Andalucía;Sevilla;1 Mes;137,0;169,0
2023;11;Hotel 5 Estrellas;Andalucía;Sevilla;1 Mes;306,0;374,0
2023;11;Hotel 3 Estrellas;Andalucía;Sevilla;1 Semana;110,0;141,0
2023;11;Hotel 4 Estrellas;Andalucía;Sevilla;1 Semana;141,0;178,0
2023;11;Hotel 5 Estrellas;Andalucía;Sevilla;1 Semana;310,0;373,0
2023;11;Hotel 3 Estrellas;Andalucía;Sevilla;2 Semanas;110,0;135,0
2023;11;Hotel 4 Estrellas;Andalucía;Sevilla;2 Semanas;141,0;176,0
2023;11;Hotel 5 Estrellas;Andalucía;Sevilla;2 Semanas;311,0;368,0
2023;11;Hotel 3 Estrellas;Andalucía;Sevilla;3 Meses;104,0;122,0
2023;11;Hotel 4 Estrellas;Andalucía;Sevilla;3 Meses;128,0;155,0
2023;11;Hotel 5 Estrellas;Andalucía;Sevilla;3 Meses;301,0;342,0
2023;12;Hotel 3 Estrellas;Andalucía;Sevilla;1 Mes;103,0;121,0
2023;12;Hotel 4 Estrellas;Andalucía;Sevilla;1 Mes;128,0;148,0
2023;12;Hotel 5 Estrellas;Andalucía;Sevilla;1 Mes;312,0;328,0
2023;12;Hotel 3 Estrellas;Andalucía;Sevilla;1 Semana;99,0;118,0
2023;12;Hotel 4 Estrellas;Andalucía;Sevilla;1 Semana;119,0;145,0
2023;12;Hotel 5 Estrellas;Andalucía;Sevilla;1 Semana;296,0;314,0
2023;12;Hotel 3 Estrellas;Andalucía;Sevilla;2 Semanas;103,0;120,0
2023;12;Hotel 4 Estrellas;Andalucía;Sevilla;2 Semanas;126,0;149,0
2023;12;Hotel 5 Estrellas;Andalucía;Sevilla;2 Semanas;297,0;318,0
2023;12;Hotel 3 Estrellas;Andalucía;Sevilla;3 Meses;101,0;122,0
2023;12;Hotel 4 Estrellas;Andalucía;Sevilla;3 Meses;117,0;139,0
2023;12;Hotel 5 Estrellas;Andalucía;Sevilla;3 Meses;289,0;308,0
2024;1;Hotel 3 Estrellas;Andalucía;Sevilla;1 Mes;90,0;108,0
2024;1;Hotel 4 Estrellas;Andalucía;Sevilla;1 Mes;106,0;126,0
2024;1;Hotel 5 Estrellas;Andalucía;Sevilla;1 Mes;263,0;257,0
2024;1;Hotel 3 Estrellas;Andalucía;Sevilla;1 Semana;89,0;111,0
2024;1;Hotel 4 Estrellas;Andalucía;Sevilla;1 Semana;106,0;129,0
2024;1;Hotel 5 Estrellas;Andalucía;Sevilla;1 Semana;255,0;261,0
2024;1;Hotel 3 Estrellas;Andalucía;Sevilla;2 Semanas;89,0;109,0
2024;1;Hotel 4 Estrellas;Andalucía;Sevilla;2 Semanas;107,0;127,0
2024;1;Hotel 5 Estrellas;Andalucía;Sevilla;2 Semanas;267,0;255,0
2024;1;Hotel 3 Estrellas;Andalucía;Sevilla;3 Meses;91,0;105,0
2024;1;Hotel 4 Estrellas;Andalucía;Sevilla;3 Meses;102,0;120,0
2024;1;Hotel 5 Estrellas;Andalucía;Sevilla;3 Meses;269,0;269,0
2024;2;Hotel 3 Estrellas;Andalucía;Sevilla;1 Mes;97,0;131,0
2024;2;Hotel 4 Estrellas;Andalucía;Sevilla;1 Mes;118,0;163,0
2024;2;Hotel 5 Estrellas;Andalucía;Sevilla;1 Mes;269,0;298,0
2024;2;Hotel 3 Estrellas;Andalucía;Sevilla;1 Semana;102,0;134,0
2024;2;Hotel 4 Estrellas;Andalucía;Sevilla;1 Semana;128,0;175,0
2024;2;Hotel 5 Estrellas;Andalucía;Sevilla;1 Semana;266,0;325,0
2024;2;Hotel 3 Estrellas;Andalucía;Sevilla;2 Semanas;102,0;134,0
2024;2;Hotel 4 Estrellas;Andalucía;Sevilla;2 Semanas;124,0;168,0
2024;2;Hotel 5 Estrellas;Andalucía;Sevilla;2 Semanas;267,0;300,0
2024;2;Hotel 3 Estrellas;Andalucía;Sevilla;3 Meses;93,0;121,0
2024;2;Hotel 4 Estrellas;Andalucía;Sevilla;3 Meses;110,0;145,0
2024;2;Hotel 5 Estrellas;Andalucía;Sevilla;3 Meses;259,0;303,0
2024;3;Hotel 3 Estrellas;Andalucía;Sevilla;1 Mes;122,0;151,0
2024;3;Hotel 4 Estrellas;Andalucía;Sevilla;1 Mes;149,0;181,0
2024;3;Hotel 5 Estrellas;Andalucía;Sevilla;1 Mes;329,0;351,0
2024;3;Hotel 3 Estrellas;Andalucía;Sevilla;1 Semana;126,0;149,0
2024;3;Hotel 4 Estrellas;Andalucía;Sevilla;1 Semana;160,0;187,0
2024;3;Hotel 5 Estrellas;Andalucía;Sevilla;1 Semana;330,0;367,0
2024;3;Hotel 3 Estrellas;Andalucía;Sevilla;2 Semanas;124,0;153,0
2024;3;Hotel 4 Estrellas;Andalucía;Sevilla;2 Semanas;158,0;178,0
2024;3;Hotel 5 Estrellas;Andalucía;Sevilla;2 Semanas;326,0;372,0
2024;3;Hotel 3 Estrellas;Andalucía;Sevilla;3 Meses;116,0;141,0
2024;3;Hotel 4 Estrellas;Andalucía;Sevilla;3 Meses;139,0;167,0
2024;3;Hotel 5 Estrellas;Andalucía;Sevilla;3 Meses;342,0;373,0
2024;4;Hotel 3 Estrellas;Andalucía;Sevilla;1 Mes;145,0;176,0
2024;4;Hotel 4 Estrellas;Andalucía;Sevilla;1 Mes;183,0;230,0
2024;4;Hotel 5 Estrellas;Andalucía;Sevilla;1 Mes;378,0;520,0
2024;4;Hotel 3 Estrellas;Andalucía;Sevilla;1 Semana;144,0;203,0
2024;4;Hotel 4 Estrellas;Andalucía;Sevilla;1 Semana;180,0;166,0
2024;4;Hotel 5 Estrellas;Andalucía;Sevilla;1 Semana;389,0;507,0
2024;4;Hotel 3 Estrellas;Andalucía;Sevilla;2 Semanas;146,0;181,0
2024;4;Hotel 4 Estrellas;Andalucía;Sevilla;2 Semanas;178,0;197,0
2024;4;Hotel 5 Estrellas;Andalucía;Sevilla;2 Semanas;392,0;545,0
2024;4;Hotel 3 Estrellas;Andalucía;Sevilla;3 Meses;140,0;170,0
2024;4;Hotel 4 Estrellas;Andalucía;Sevilla;3 Meses;168,0;203,0
2024;4;Hotel 5 Estrellas;Andalucía;Sevilla;3 Meses;370,0;465,0
2024;5;Hotel 3 Estrellas;Andalucía;Sevilla;1 Mes;151,0;187,0
2024;5;Hotel 4 Estrellas;Andalucía;Sevilla;1 Mes;198,0;229,0
2024;5;Hotel 5 Estrellas;Andalucía;Sevilla;1 Mes;410,0;443,0
2024;5;Hotel 3 Estrellas;Andalucía;Sevilla;1 Semana;153,0;152,0
2024;5;Hotel 4 Estrellas;Andalucía;Sevilla;1 Semana;200,0;196,0
2024;5;Hotel 5 Estrellas;Andalucía;Sevilla;1 Semana;401,0;434,0
2024;5;Hotel 3 Estrellas;Andalucía;Sevilla;2 Semanas;156,0;167,0
2024;5;Hotel 4 Estrellas;Andalucía;Sevilla;2 Semanas;195,0;218,0
2024;5;Hotel 5 Estrellas;Andalucía;Sevilla;2 Semanas;413,0;459,0
2024;5;Hotel 3 Estrellas;Andalucía;Sevilla;3 Meses;146,0;164,0
2024;5;Hotel 4 Estrellas;Andalucía;Sevilla;3 Meses;180,0;193,0
2024;5;Hotel 5 Estrellas;Andalucía;Sevilla;3 Meses;422,0;482,0
2024;6;Hotel 3 Estrellas;Andalucía;Sevilla;1 Mes;125,0;151,0
2024;6;Hotel 4 Estrellas;Andalucía;Sevilla;1 Mes;150,0;175,0
2024;6;Hotel 5 Estrellas;Andalucía;Sevilla;1 Mes;331,0;354,0
2024;6;Hotel 3 Estrellas;Andalucía;Sevilla;1 Semana;125,0;148,0
2024;6;Hotel 4 Estrellas;Andalucía;Sevilla;1 Semana;153,0;178,0
2024;6;Hotel 5 Estrellas;Andalucía;Sevilla;1 Semana;322,0;332,0
2024;6;Hotel 3 Estrellas;Andalucía;Sevilla;2 Semanas;124,0;150,0
2024;6;Hotel 4 Estrellas;Andalucía;Sevilla;2 Semanas;152,0;178,0
2024;6;Hotel 5 Estrellas;Andalucía;Sevilla;2 Semanas;329,0;348,0
2024;6;Hotel 3 Estrellas;Andalucía;Sevilla;3 Meses;120,0;144,0
2024;6;Hotel 4 Estrellas;Andalucía;Sevilla;3 Meses;148,0;173,0
2024;6;Hotel 5 Estrellas;Andalucía;Sevilla;3 Meses;366,0;379,0
2024;7;Hotel 3 Estrellas;Andalucía;Sevilla;1 Mes;94,0;104,0
2024;7;Hotel 4 Estrellas;Andalucía;Sevilla;1 Mes;102,0;111,0
2024;7;Hotel 5 Estrellas;Andalucía;Sevilla;1 Mes;235,0;241,0
2024;7;Hotel 3 Estrellas;Andalucía;Sevilla;1 Semana;92,0;103,0
2024;7;Hotel 4 Estrellas;Andalucía;Sevilla;1 Semana;101,0;111,0
2024;7;Hotel 5 Estrellas;Andalucía;Sevilla;1 Semana;232,0;237,0
2024;7;Hotel 3 Estrellas;Andalucía;Sevilla;2 Semanas;92,0;102,0
2024;7;Hotel 4 Estrellas;Andalucía;Sevilla;2 Semanas;101,0;112,0
2024;7;Hotel 5 Estrellas;Andalucía;Sevilla;2 Semanas;232,0;236,0
2024;7;Hotel 3 Estrellas;Andalucía;Sevilla;3 Meses;96,0;104,0
2024;7;Hotel 4 Estrellas;Andalucía;Sevilla;3 Meses;105,0;113,0
2024;7;Hotel 5 Estrellas;Andalucía;Sevilla;3 Meses;246,0;276,0
2024;8;Hotel 3 Estrellas;Andalucía;Sevilla;1 Mes;89,0;100,0
2024;8;Hotel 4 Estrellas;Andalucía;Sevilla;1 Mes;100,0;108,0
2024;8;Hotel 5 Estrellas;Andalucía;Sevilla;1 Mes;206,0;221,0
2024;8;Hotel 3 Estrellas;Andalucía;Sevilla;1 Semana;87,0;99,0
2024;8;Hotel 4 Estrellas;Andalucía;Sevilla;1 Semana;99,0;106,0
2024;8;Hotel 5 Estrellas;Andalucía;Sevilla;1 Semana;220,0;235,0
2024;8;Hotel 3 Estrellas;Andalucía;Sevilla;2 Semanas;88,0;99,0
2024;8;Hotel 4 Estrellas;Andalucía;Sevilla;2 Semanas;98,0;106,0
2024;8;Hotel 5 Estrellas;Andalucía;Sevilla;2 Semanas;210,0;218,0
2024;8;Hotel 3 Estrellas;Andalucía;Sevilla;3 Meses;92,0;103,0
2024;8;Hotel 4 Estrellas;Andalucía;Sevilla;3 Meses;103,0;111,0
2024;8;Hotel 5 Estrellas;Andalucía;Sevilla;3 Meses;216,0;244,0
2024;9;Hotel 3 Estrellas;Andalucía;Sevilla;1 Mes;137,0;158,0
2024;9;Hotel 4 Estrellas;Andalucía;Sevilla;1 Mes;166,0;180,0
2024;9;Hotel 5 Estrellas;Andalucía;Sevilla;1 Mes;326,0;367,0
2024;9;Hotel 3 Estrellas;Andalucía;Sevilla;1 Semana;134,0;160,0
2024;9;Hotel 4 Estrellas;Andalucía;Sevilla;1 Semana;168,0;182,0
2024;9;Hotel 5 Estrellas;Andalucía;Sevilla;1 Semana;333,0;396,0
2024;9;Hotel 3 Estrellas;Andalucía;Sevilla;2 Semanas;133,0;154,0
2024;9;Hotel 4 Estrellas;Andalucía;Sevilla;2 Semanas;165,0;183,0
2024;9;Hotel 5 Estrellas;Andalucía;Sevilla;2 Semanas;338,0;374,0
2024;9;Hotel 3 Estrellas;Andalucía;Sevilla;3 Meses;133,0;161,0
2024;9;Hotel 4 Estrellas;Andalucía;Sevilla;3 Meses;168,0;181,0
2024;9;Hotel 5 Estrellas;Andalucía;Sevilla;3 Meses;354,0;395,0
2024;10;Hotel 3 Estrellas;Andalucía;Sevilla;1 Mes;142,0;172,0
2024;10;Hotel 4 Estrellas;Andalucía;Sevilla;1 Mes;182,0;202,0
2024;10;Hotel 5 Estrellas;Andalucía;Sevilla;1 Mes;365,0;397,0
2024;10;Hotel 3 Estrellas;Andalucía;Sevilla;1 Semana;146,0;176,0
2024;10;Hotel 4 Estrellas;Andalucía;Sevilla;1 Semana;181,0;212,0
2024;10;Hotel 5 Estrellas;Andalucía;Sevilla;1 Semana;341,0;413,0
2024;10;Hotel 3 Estrellas;Andalucía;Sevilla;2 Semanas;143,0;179,0
2024;10;Hotel 4 Estrellas;Andalucía;Sevilla;2 Semanas;181,0;207,0
2024;10;Hotel 5 Estrellas;Andalucía;Sevilla;2 Semanas;363,0;420,0
2024;10;Hotel 3 Estrellas;Andalucía;Sevilla;3 Meses;140,0;166,0
2024;10;Hotel 4 Estrellas;Andalucía;Sevilla;3 Meses;173,0;194,0
2024;10;Hotel 5 Estrellas;Andalucía;Sevilla;3 Meses;377,0;389,0
2024;11;Hotel 3 Estrellas;Andalucía;Sevilla;1 Mes;112,0;151,0
2024;11;Hotel 4 Estrellas;Andalucía;Sevilla;1 Mes;143,0;180,0
2024;11;Hotel 5 Estrellas;Andalucía;Sevilla;1 Mes;300,0;330,0
2024;11;Hotel 3 Estrellas;Andalucía;Sevilla;1 Semana;114,0;158,0
2024;11;Hotel 4 Estrellas;Andalucía;Sevilla;1 Semana;148,0;195,0
2024;11;Hotel 5 Estrellas;Andalucía;Sevilla;1 Semana;289,0;335,0
2024;11;Hotel 3 Estrellas;Andalucía;Sevilla;2 Semanas;114,0;152,0
2024;11;Hotel 4 Estrellas;Andalucía;Sevilla;2 Semanas;145,0;190,0
2024;11;Hotel 5 Estrellas;Andalucía;Sevilla;2 Semanas;320,0;346,0
2024;11;Hotel 3 Estrellas;Andalucía;Sevilla;3 Meses;108,0;136,0
2024;11;Hotel 4 Estrellas;Andalucía;Sevilla;3 Meses;130,0;156,0
2024;11;Hotel 5 Estrellas;Andalucía;Sevilla;3 Meses;286,0;318,0
2024;12;Hotel 3 Estrellas;Andalucía;Sevilla;1 Mes;98,0;126,0
2024;12;Hotel 4 Estrellas;Andalucía;Sevilla;1 Mes;115,0;143,0
2024;12;Hotel 5 Estrellas;Andalucía;Sevilla;1 Mes;245,0;296,0
2024;12;Hotel 3 Estrellas;Andalucía;Sevilla;1 Semana;99,0;131,0
2024;12;Hotel 4 Estrellas;Andalucía;Sevilla;1 Semana;124,0;153,0
2024;12;Hotel 5 Estrellas;Andalucía;Sevilla;1 Semana;271,0;305,0
2024;12;Hotel 3 Estrellas;Andalucía;Sevilla;2 Semanas;100,0;128,0
2024;12;Hotel 4 Estrellas;Andalucía;Sevilla;2 Semanas;120,0;166,0
2024;12;Hotel 5 Estrellas;Andalucía;Sevilla;2 Semanas;272,0;353,0
2024;12;Hotel 3 Estrellas;Andalucía;Sevilla;3 Meses;106,0;128,0
2024;12;Hotel 4 Estrellas;Andalucía;Sevilla;3 Meses;128,0;142,0
2024;12;Hotel 5 Estrellas;Andalucía;Sevilla;3 Meses;280,0;343,0
2025;1;Hotel 3 Estrellas;Andalucía;Sevilla;1 Mes;90,0;116,0
2025;1;Hotel 4 Estrellas;Andalucía;Sevilla;1 Mes;101,0;132,0
2025;1;Hotel 5 Estrellas;Andalucía;Sevilla;1 Mes;234,0;246,0
2025;1;Hotel 3 Estrellas;Andalucía;Sevilla;1 Semana;87,0;117,0
2025;1;Hotel 4 Estrellas;Andalucía;Sevilla;1 Semana;100,0;137,0
2025;1;Hotel 5 Estrellas;Andalucía;Sevilla;1 Semana;229,0;251,0
2025;1;Hotel 3 Estrellas;Andalucía;Sevilla;2 Semanas;88,0;116,0
2025;1;Hotel 4 Estrellas;Andalucía;Sevilla;2 Semanas;98,0;132,0
2025;1;Hotel 5 Estrellas;Andalucía;Sevilla;2 Semanas;228,0;237,0
2025;1;Hotel 3 Estrellas;Andalucía;Sevilla;3 Meses;94,0;117,0
2025;1;Hotel 4 Estrellas;Andalucía;Sevilla;3 Meses;106,0;130,0
2025;1;Hotel 5 Estrellas;Andalucía;Sevilla;3 Meses;248,0;256,0
2025;2;Hotel 3 Estrellas;Andalucía;Sevilla;1 Mes;97,0;137,0
2025;2;Hotel 4 Estrellas;Andalucía;Sevilla;1 Mes;116,0;169,0
2025;2;Hotel 5 Estrellas;Andalucía;Sevilla;1 Mes;243,0;309,0
2025;2;Hotel 3 Estrellas;Andalucía;Sevilla;1 Semana;97,0;131,0
2025;2;Hotel 4 Estrellas;Andalucía;Sevilla;1 Semana;118,0;180,0
2025;2;Hotel 5 Estrellas;Andalucía;Sevilla;1 Semana;260,0;324,0
2025;2;Hotel 3 Estrellas;Andalucía;Sevilla;2 Semanas;94,0;135,0
2025;2;Hotel 4 Estrellas;Andalucía;Sevilla;2 Semanas;115,0;169,0
2025;2;Hotel 5 Estrellas;Andalucía;Sevilla;2 Semanas;227,0;291,0
2025;2;Hotel 3 Estrellas;Andalucía;Sevilla;3 Meses;97,0;132,0
2025;2;Hotel 4 Estrellas;Andalucía;Sevilla;3 Meses;113,0;151,0
2025;2;Hotel 5 Estrellas;Andalucía;Sevilla;3 Meses;250,0;295,0
2025;3;Hotel 3 Estrellas;Andalucía;Sevilla;1 Mes;129,0;151,0
2025;3;Hotel 4 Estrellas;Andalucía;Sevilla;1 Mes;156,0;181,0
2025;3;Hotel 5 Estrellas;Andalucía;Sevilla;1 Mes;310,0;367,0
2025;3;Hotel 3 Estrellas;Andalucía;Sevilla;1 Semana;132,0;140,0
2025;3;Hotel 4 Estrellas;Andalucía;Sevilla;1 Semana;160,0;182,0
2025;3;Hotel 5 Estrellas;Andalucía;Sevilla;1 Semana;349,0;404,0
2025;3;Hotel 3 Estrellas;Andalucía;Sevilla;2 Semanas;129,0;143,0
2025;3;Hotel 4 Estrellas;Andalucía;Sevilla;2 Semanas;159,0;183,0
2025;3;Hotel 5 Estrellas;Andalucía;Sevilla;2 Semanas;323,0;384,0
2025;3;Hotel 3 Estrellas;Andalucía;Sevilla;3 Meses;124,0;148,0
2025;3;Hotel 4 Estrellas;Andalucía;Sevilla;3 Meses;150,0;176,0
2025;3;Hotel 5 Estrellas;Andalucía;Sevilla;3 Meses;305,0;343,0
2025;4;Hotel 3 Estrellas;Andalucía;Sevilla;1 Mes;148,0;169,0
2025;4;Hotel 4 Estrellas;Andalucía;Sevilla;1 Mes;189,0;197,0
2025;4;Hotel 5 Estrellas;Andalucía;Sevilla;1 Mes;387,0;549,0
2025;4;Hotel 3 Estrellas;Andalucía;Sevilla;1 Semana;154,0;158,0
2025;4;Hotel 4 Estrellas;Andalucía;Sevilla;1 Semana;190,0;192,0
2025;4;Hotel 5 Estrellas;Andalucía;Sevilla;1 Semana;416,0;458,0
2025;4;Hotel 3 Estrellas;Andalucía;Sevilla;2 Semanas;149,0;159,0
2025;4;Hotel 4 Estrellas;Andalucía;Sevilla;2 Semanas;189,0;204,0
2025;4;Hotel 5 Estrellas;Andalucía;Sevilla;2 Semanas;392,0;494,0
2025;4;Hotel 3 Estrellas;Andalucía;Sevilla;3 Meses;146,0;168,0
2025;4;Hotel 4 Estrellas;Andalucía;Sevilla;3 Meses;187,0;205,0
2025;4;Hotel 5 Estrellas;Andalucía;Sevilla;3 Meses;416,0;538,0
2025;5;Hotel 3 Estrellas;Andalucía;Sevilla;1 Mes;149,0;191,0
2025;5;Hotel 4 Estrellas;Andalucía;Sevilla;1 Mes;190,0;244,0
2025;5;Hotel 5 Estrellas;Andalucía;Sevilla;1 Mes;390,0;482,0
2025;5;Hotel 3 Estrellas;Andalucía;Sevilla;1 Semana;150,0;194,0
2025;5;Hotel 4 Estrellas;Andalucía;Sevilla;1 Semana;205,0;222,0
2025;5;Hotel 5 Estrellas;Andalucía;Sevilla;1 Semana;386,0;458,0
2025;5;Hotel 3 Estrellas;Andalucía;Sevilla;2 Semanas;151,0;189,0
2025;5;Hotel 4 Estrellas;Andalucía;Sevilla;2 Semanas;194,0;214,0
2025;5;Hotel 5 Estrellas;Andalucía;Sevilla;2 Semanas;398,0;486,0
2025;5;Hotel 3 Estrellas;Andalucía;Sevilla;3 Meses;144,0;195,0
2025;5;Hotel 4 Estrellas;Andalucía;Sevilla;3 Meses;186,0;222,0
2025;5;Hotel 5 Estrellas;Andalucía;Sevilla;3 Meses;394,0;483,0
2025;6;Hotel 3 Estrellas;Andalucía;Sevilla;1 Mes;127,0;148,0
2025;6;Hotel 4 Estrellas;Andalucía;Sevilla;1 Mes;159,0;176,0
2025;6;Hotel 5 Estrellas;Andalucía;Sevilla;1 Mes;349,0;336,0
2025;6;Hotel 3 Estrellas;Andalucía;Sevilla;1 Semana;123,0;145,0
2025;6;Hotel 4 Estrellas;Andalucía;Sevilla;1 Semana;155,0;172,0
2025;6;Hotel 5 Estrellas;Andalucía;Sevilla;1 Semana;344,0;339,0
2025;6;Hotel 3 Estrellas;Andalucía;Sevilla;2 Semanas;126,0;148,0
2025;6;Hotel 4 Estrellas;Andalucía;Sevilla;2 Semanas;157,0;179,0
2025;6;Hotel 5 Estrellas;Andalucía;Sevilla;2 Semanas;327,0;350,0
2025;6;Hotel 3 Estrellas;Andalucía;Sevilla;3 Meses;122,0;144,0
2025;6;Hotel 4 Estrellas;Andalucía;Sevilla;3 Meses;161,0;178,0
2025;6;Hotel 5 Estrellas;Andalucía;Sevilla;3 Meses;356,0;362,0
2025;7;Hotel 3 Estrellas;Andalucía;Sevilla;1 Mes;90,0;107,0
2025;7;Hotel 4 Estrellas;Andalucía;Sevilla;1 Mes;104,0;127,0
2025;7;Hotel 5 Estrellas;Andalucía;Sevilla;1 Mes;233,0;250,0
2025;7;Hotel 3 Estrellas;Andalucía;Sevilla;1 Semana;82,0;103,0
2025;7;Hotel 4 Estrellas;Andalucía;Sevilla;1 Semana;97,0;113,0
2025;7;Hotel 5 Estrellas;Andalucía;Sevilla;1 Semana;238,0;237,0
2025;7;Hotel 3 Estrellas;Andalucía;Sevilla;2 Semanas;83,0;103,0
2025;7;Hotel 4 Estrellas;Andalucía;Sevilla;2 Semanas;100,0;121,0
2025;7;Hotel 5 Estrellas;Andalucía;Sevilla;2 Semanas;235,0;241,0
2025;7;Hotel 3 Estrellas;Andalucía;Sevilla;3 Meses;93,0;110,0
2025;7;Hotel 4 Estrellas;Andalucía;Sevilla;3 Meses;104,0;126,0
2025;7;Hotel 5 Estrellas;Andalucía;Sevilla;3 Meses;241,0;277,0
2025;8;Hotel 3 Estrellas;Andalucía;Sevilla;1 Mes;84,0;96,0
2025;8;Hotel 4 Estrellas;Andalucía;Sevilla;1 Mes;97,0;107,0
2025;8;Hotel 5 Estrellas;Andalucía;Sevilla;1 Mes;208,0;220,0
2025;8;Hotel 3 Estrellas;Andalucía;Sevilla;1 Semana;84,0;97,0
2025;8;Hotel 4 Estrellas;Andalucía;Sevilla;1 Semana;96,0;104,0
2025;8;Hotel 5 Estrellas;Andalucía;Sevilla;1 Semana;236,0;247,0
2025;8;Hotel 3 Estrellas;Andalucía;Sevilla;2 Semanas;85,0;98,0
2025;8;Hotel 4 Estrellas;Andalucía;Sevilla;2 Semanas;95,0;104,0
2025;8;Hotel 5 Estrellas;Andalucía;Sevilla;2 Semanas;232,0;244,0
2025;8;Hotel 3 Estrellas;Andalucía;Sevilla;3 Meses;92,0;106,0
2025;8;Hotel 4 Estrellas;Andalucía;Sevilla;3 Meses;102,0;115,0
2025;8;Hotel 5 Estrellas;Andalucía;Sevilla;3 Meses;226,0;244,0
2025;9;Hotel 3 Estrellas;Andalucía;Sevilla;1 Mes;136,0;163,0
2025;9;Hotel 4 Estrellas;Andalucía;Sevilla;1 Mes;175,0;199,0
2025;9;Hotel 5 Estrellas;Andalucía;Sevilla;1 Mes;368,0;441,0
2025;9;Hotel 3 Estrellas;Andalucía;Sevilla;1 Semana;102,0;120,0
2025;9;Hotel 4 Estrellas;Andalucía;Sevilla;1 Semana;129,0;147,0
2025;9;Hotel 5 Estrellas;Andalucía;Sevilla;1 Semana;269,0;296,0
2025;9;Hotel 3 Estrellas;Andalucía;Sevilla;2 Semanas;128,0;168,0
2025;9;Hotel 4 Estrellas;Andalucía;Sevilla;2 Semanas;164,0;200,0
2025;9;Hotel 5 Estrellas;Andalucía;Sevilla;2 Semanas;319,0;379,0
2025;9;Hotel 3 Estrellas;Andalucía;Sevilla;3 Meses;137,0;165,0
2025;9;Hotel 4 Estrellas;Andalucía;Sevilla;3 Meses;180,0;198,0
2025;9;Hotel 5 Estrellas;Andalucía;Sevilla;3 Meses;359,0;400,0
2025;10;Hotel 3 Estrellas;Andalucía;Sevilla;1 Mes;137,0;168,0
2025;10;Hotel 4 Estrellas;Andalucía;Sevilla;1 Mes;179,0;205,0
2025;10;Hotel 5 Estrellas;Andalucía;Sevilla;1 Mes;437,0;436,0
2025;10;Hotel 3 Estrellas;Andalucía;Sevilla;1 Semana;138,0;149,0
2025;10;Hotel 4 Estrellas;Andalucía;Sevilla;1 Semana;185,0;211,0
2025;10;Hotel 5 Estrellas;Andalucía;Sevilla;1 Semana;359,0;395,0
2025;10;Hotel 3 Estrellas;Andalucía;Sevilla;2 Semanas;126,0;155,0
2025;10;Hotel 4 Estrellas;Andalucía;Sevilla;2 Semanas;169,0;207,0
2025;10;Hotel 5 Estrellas;Andalucía;Sevilla;2 Semanas;340,0;389,0
2025;10;Hotel 3 Estrellas;Andalucía;Sevilla;3 Meses;140,0;179,0
2025;10;Hotel 4 Estrellas;Andalucía;Sevilla;3 Meses;186,0;205,0
2025;10;Hotel 5 Estrellas;Andalucía;Sevilla;3 Meses;377,0;433,0
2025;11;Hotel 3 Estrellas;Andalucía;Sevilla;1 Mes;105,0;145,0
2025;11;Hotel 4 Estrellas;Andalucía;Sevilla;1 Mes;136,0;171,0
2025;11;Hotel 5 Estrellas;Andalucía;Sevilla;1 Mes;310,0;303,0
2025;11;Hotel 3 Estrellas;Andalucía;Sevilla;1 Semana;108,0;142,0
2025;11;Hotel 4 Estrellas;Andalucía;Sevilla;1 Semana;146,0;180,0
2025;11;Hotel 5 Estrellas;Andalucía;Sevilla;1 Semana;320,0;340,0
2025;11;Hotel 3 Estrellas;Andalucía;Sevilla;2 Semanas;108,0;144,0
2025;11;Hotel 4 Estrellas;Andalucía;Sevilla;2 Semanas;142,0;178,0
2025;11;Hotel 5 Estrellas;Andalucía;Sevilla;2 Semanas;327,0;332,0
2025;11;Hotel 3 Estrellas;Andalucía;Sevilla;3 Meses;110,0;142,0
2025;11;Hotel 4 Estrellas;Andalucía;Sevilla;3 Meses;142,0;168,0
2025;11;Hotel 5 Estrellas;Andalucía;Sevilla;3 Meses;314,0;310,0
2025;12;Hotel 3 Estrellas;Andalucía;Sevilla;1 Mes;95,0;132,0
2025;12;Hotel 4 Estrellas;Andalucía;Sevilla;1 Mes;110,0;156,0
2025;12;Hotel 5 Estrellas;Andalucía;Sevilla;1 Mes;262,0;332,0
2025;12;Hotel 3 Estrellas;Andalucía;Sevilla;1 Semana;89,0;129,0
2025;12;Hotel 4 Estrellas;Andalucía;Sevilla;1 Semana;103,0;157,0
2025;12;Hotel 5 Estrellas;Andalucía;Sevilla;1 Semana;249,0;312,0
2025;12;Hotel 3 Estrellas;Andalucía;Sevilla;2 Semanas;92,0;130,0
2025;12;Hotel 4 Estrellas;Andalucía;Sevilla;2 Semanas;113,0;157,0
2025;12;Hotel 5 Estrellas;Andalucía;Sevilla;2 Semanas;278,0;310,0
2025;12;Hotel 3 Estrellas;Andalucía;Sevilla;3 Meses;115,0;142,0
2025;12;Hotel 4 Estrellas;Andalucía;Sevilla;3 Meses;141,0;169,0
2025;12;Hotel 5 Estrellas;Andalucía;Sevilla;3 Meses;336,0;346,0
2026;1;Hotel 3 Estrellas;Andalucía;Sevilla;1 Mes;84,0;109,0
2026;1;Hotel 4 Estrellas;Andalucía;Sevilla;1 Mes;99,0;122,0
2026;1;Hotel 5 Estrellas;Andalucía;Sevilla;1 Mes;234,0;268,0
2026;1;Hotel 3 Estrellas;Andalucía;Sevilla;1 Semana;102,0;130,0
2026;1;Hotel 4 Estrellas;Andalucía;Sevilla;1 Semana;116,0;170,0
2026;1;Hotel 5 Estrellas;Andalucía;Sevilla;1 Semana;288,0;363,0
2026;1;Hotel 3 Estrellas;Andalucía;Sevilla;2 Semanas;137,0;136,0
2026;1;Hotel 4 Estrellas;Andalucía;Sevilla;2 Semanas;202,0;171,0
2026;1;Hotel 5 Estrellas;Andalucía;Sevilla;2 Semanas;579,0;313,0
2026;1;Hotel 3 Estrellas;Andalucía;Sevilla;3 Meses;86,0;108,0
2026;1;Hotel 4 Estrellas;Andalucía;Sevilla;3 Meses;95,0;118,0
2026;1;Hotel 5 Estrellas;Andalucía;Sevilla;3 Meses;234,0;265,0
2026;2;Hotel 3 Estrellas;Andalucía;Sevilla;1 Mes;92,0;125,0
2026;2;Hotel 4 Estrellas;Andalucía;Sevilla;1 Mes;115,0;144,0
2026;2;Hotel 5 Estrellas;Andalucía;Sevilla;1 Mes;258,0;294,0
2026;2;Hotel 3 Estrellas;Andalucía;Sevilla;1 Semana;94,0;134,0
2026;2;Hotel 4 Estrellas;Andalucía;Sevilla;1 Semana;118,0;164,0
2026;2;Hotel 5 Estrellas;Andalucía;Sevilla;1 Semana;274,0;344,0
2026;2;Hotel 3 Estrellas;Andalucía;Sevilla;2 Semanas;95,0;135,0
2026;2;Hotel 4 Estrellas;Andalucía;Sevilla;2 Semanas;119,0;162,0
2026;2;Hotel 5 Estrellas;Andalucía;Sevilla;2 Semanas;272,0;333,0
2026;2;Hotel 3 Estrellas;Andalucía;Sevilla;3 Meses;94,0;129,0
2026;2;Hotel 4 Estrellas;Andalucía;Sevilla;3 Meses;109,0;153,0
2026;2;Hotel 5 Estrellas;Andalucía;Sevilla;3 Meses;244,0;303,0
2026;3;Hotel 3 Estrellas;Andalucía;Sevilla;1 Mes;122,0;159,0
2026;3;Hotel 4 Estrellas;Andalucía;Sevilla;1 Mes;162,0;201,0
2026;3;Hotel 5 Estrellas;Andalucía;Sevilla;1 Mes;349,0;382,0
2026;3;Hotel 3 Estrellas;Andalucía;Sevilla;1 Semana;126,0;161,0
2026;3;Hotel 4 Estrellas;Andalucía;Sevilla;1 Semana;161,0;201,0
2026;3;Hotel 5 Estrellas;Andalucía;Sevilla;1 Semana;341,0;412,0
2026;3;Hotel 3 Estrellas;Andalucía;Sevilla;2 Semanas;125,0;158,0
2026;3;Hotel 4 Estrellas;Andalucía;Sevilla;2 Semanas;165,0;214,0
2026;3;Hotel 5 Estrellas;Andalucía;Sevilla;2 Semanas;348,0;384,0
2026;3;Hotel 3 Estrellas;Andalucía;Sevilla;3 Meses;110,0;138,0
2026;3;Hotel 4 Estrellas;Andalucía;Sevilla;3 Meses;140,0;166,0
2026;3;Hotel 5 Estrellas;Andalucía;Sevilla;3 Meses;309,0;362,0
